RowNumber,CustomerId,Surname,CreditScore,Geography,Gender,Age,Tenure,Balance,NumOfProducts,HasCrCard,IsActiveMember,EstimatedSalary,Exited
1,221958,Smith,589,Spain,Male,41,4,134598.7448217394,1,0,0,126706.94030362251,1
2,771155,Jones,827,Germany,Female,55,4,248033.9098696457,2,1,1,39509.95273559146,0
3,231932,Jones,436,Germany,Female,39,5,214382.65193798093,1,1,0,52978.75378897433,0
4,465838,Brown,647,France,Male,43,6,24341.723447805274,1,1,1,76348.36743589074,1
5,359178,Johnson,777,Spain,Male,60,6,176592.99920249902,1,1,1,88183.04876593244,0
6,744167,Smith,363,Germany,Male,72,0,86394.89646770326,4,1,1,72599.41389767302,1
7,210268,Johnson,683,Germany,Male,56,1,1745.5654700870293,4,0,1,68485.45979811528,1
8,832180,Smith,351,France,Female,46,8,100870.2422567499,2,0,0,145669.9214487826,0
9,154886,Brown,724,France,Female,37,9,58688.605431242824,1,1,0,106989.5617492073,1
10,237337,Brown,642,Germany,Female,58,1,204717.31763011788,2,1,1,32811.95464408658,0
11,621430,Jones,674,Spain,Female,71,5,84332.65221144137,1,0,1,81621.10901331759,0
12,187498,Johnson,771,Spain,Male,37,0,206880.92348845428,1,0,1,135001.04396927642,1
13,999159,Jones,842,France,Male,36,2,149.48470869882712,1,1,1,66174.74236928015,1
14,275203,Johnson,390,France,Female,83,1,76954.78750652978,2,1,0,41346.76137292659,1
15,291335,Jones,667,Germany,Female,47,2,60291.30357694049,2,0,1,121006.17259079014,1
16,378167,Williams,665,France,Female,70,4,58391.840267152744,1,0,1,102721.65983232975,0
17,141090,Williams,730,Germany,Female,51,9,17046.654941365676,3,1,1,98437.50093918046,0
18,429365,Williams,460,Spain,Female,39,5,46781.06760262543,2,0,1,36429.18715288895,0
19,164820,Williams,363,Spain,Female,84,8,138887.39247140498,4,0,1,46859.881175462084,1
20,887201,Smith,580,Germany,Female,23,9,72840.26820943612,2,1,1,104705.92754557365,0
21,421879,Williams,822,France,Female,44,3,104348.695582287,1,1,1,54938.8609750603,0
22,818315,Brown,433,Spain,Female,27,6,94216.72008679713,3,1,0,90488.40956981092,1
23,427069,Brown,479,France,Male,65,5,218976.23124997364,1,0,1,95385.80232352721,1
24,876997,Smith,580,Spain,Female,87,1,226324.74975262888,4,1,1,64020.86283251273,1
25,299041,Williams,675,Germany,Male,76,9,123239.24291396502,2,0,1,143811.01866497914,0
26,891743,Williams,494,Germany,Male,76,7,82538.9875789011,2,1,0,131095.69282026903,1
27,203355,Williams,728,Germany,Female,19,6,26700.17600059091,1,1,0,116684.82091593582,0
28,335796,Jones,694,Spain,Female,46,6,238350.71984552374,1,0,0,39359.26396912909,0
29,314176,Johnson,377,France,Male,85,7,15056.736225074363,4,0,1,42735.60231708233,0
30,284779,Jones,415,France,Male,82,0,74412.56939207012,3,1,1,89133.76150379468,0
31,447449,Johnson,512,France,Female,43,0,74516.55029250104,4,1,1,49285.60190291828,0
32,521909,Williams,578,Spain,Male,27,7,80100.32153505372,3,0,0,147391.8556235369,1
33,358795,Williams,610,Spain,Female,70,3,41071.71081810232,2,1,1,49022.42808328914,0
34,586232,Jones,798,Spain,Female,76,4,195790.3577309243,3,0,0,88496.14025567687,1
35,600186,Jones,773,Spain,Female,39,7,30624.465491497303,3,0,0,73694.52682098065,0
36,256730,Johnson,809,Spain,Male,68,4,158726.6647882907,2,1,0,106726.37057449175,0
37,970910,Brown,789,France,Male,65,9,30961.506676454366,2,0,0,45484.369066730986,1
38,484681,Johnson,513,Spain,Female,38,3,17633.90939823914,2,0,0,81637.97136508691,0
39,249503,Jones,650,Spain,Male,39,5,227357.37592146912,4,0,1,62964.60393685724,0
40,754811,Jones,756,France,Male,47,4,47532.19157967642,2,1,1,136530.18296060257,1
41,627035,Smith,652,Spain,Male,42,6,205312.53863992606,1,0,0,34870.28545616341,1
42,748143,Jones,636,France,Male,45,9,136157.71777678395,2,1,1,139647.29928077513,0
43,552366,Smith,744,France,Male,82,6,19464.129902192402,2,1,1,129959.29662636005,0
44,165725,Brown,359,Germany,Male,62,3,238862.04785951687,2,1,0,65708.48597289785,0
45,229981,Johnson,544,Germany,Male,85,4,61740.29174797313,3,0,0,124714.87856125257,1
46,184654,Johnson,467,Germany,Female,24,2,214911.33633815162,4,0,1,33745.62724064971,0
47,691723,Smith,619,Germany,Male,66,3,42202.50144614105,2,1,1,146023.86603520723,1
48,419030,Johnson,429,Spain,Male,26,3,213485.72053546322,4,1,1,93191.39311077472,1
49,428947,Jones,807,Germany,Male,53,2,3307.2032263234964,1,0,1,66393.72312785343,0
50,655839,Williams,442,France,Male,18,9,127945.11414237016,1,1,0,73509.98551136124,1
51,373538,Smith,615,Spain,Male,27,4,192360.6448553892,2,1,1,37968.64241525968,0
52,431236,Johnson,681,Germany,Male,53,4,233698.87937319584,1,0,0,148721.9416850447,0
53,628178,Smith,699,France,Male,63,6,227300.53405162177,4,1,0,34715.0334180831,1
54,665894,Smith,710,Spain,Male,49,3,204906.21738691122,3,0,1,108588.85477774308,1
55,589492,Williams,606,Spain,Female,49,3,222047.837415326,2,0,1,83128.311324775,1
56,356840,Jones,482,Germany,Male,23,8,49804.92145926913,1,1,1,143869.9461826458,1
57,573254,Smith,625,Spain,Male,65,5,71046.07392793219,4,0,0,59519.96883681542,1
58,449457,Johnson,613,France,Male,55,3,72242.13123026463,4,0,0,93850.41887256136,1
59,765987,Brown,520,Spain,Male,34,1,94263.48275042471,1,0,0,87882.74502993035,0
60,370936,Smith,809,France,Female,44,5,98330.16759629718,4,1,0,114343.97328601216,0
61,339931,Smith,350,Spain,Female,71,1,136138.83116366886,4,1,1,38161.22783429046,0
62,339629,Williams,662,Germany,Female,67,4,39969.94084161035,2,1,0,53254.69560280258,1
63,305041,Jones,413,France,Female,52,5,172811.66594649732,4,0,0,55747.778411141975,1
64,798361,Brown,723,Spain,Female,42,3,41891.634826126625,1,0,1,118578.09058100276,1
65,831912,Johnson,817,Spain,Female,45,2,77577.12052613689,2,1,0,52696.64355920881,0
66,517113,Brown,633,Spain,Female,32,6,125836.28265153851,1,1,0,98819.0116669172,0
67,168148,Johnson,470,France,Female,21,1,199110.14038086933,3,0,1,55829.25846011445,1
68,877089,Jones,456,France,Female,44,5,184867.30830968183,1,1,0,133394.9940100774,1
69,748531,Johnson,770,France,Female,43,3,161383.58910263056,1,1,0,143062.25453875662,1
70,351995,Williams,524,Germany,Female,36,5,38943.31514504254,2,1,0,92219.15699306886,1
71,778843,Williams,834,Germany,Female,34,3,136761.33640389444,4,1,0,72277.0661051014,0
72,672843,Williams,553,France,Female,60,3,21861.62544997136,1,1,1,58086.9330020999,0
73,356508,Williams,514,Spain,Female,58,3,94340.79419916269,2,0,0,35973.72018276525,0
74,903591,Brown,654,Germany,Female,59,8,103379.13257248979,3,1,1,62220.00914369945,1
75,996942,Jones,846,France,Female,67,6,9952.859861438457,2,1,0,108508.29359343815,0
76,206530,Johnson,469,Spain,Male,57,2,68497.02486749296,2,0,1,94034.0317571053,1
77,704365,Johnson,393,Germany,Female,56,2,238912.36681662235,4,0,1,143284.9533937113,1
78,922352,Williams,661,Spain,Male,40,5,238408.15195742238,1,0,1,77553.27149900407,1
79,560337,Williams,505,Spain,Female,69,5,88081.76356313482,3,0,0,113263.60107940734,0
80,824839,Smith,716,Spain,Female,64,3,10775.027237081014,2,1,0,88718.72969701457,0
81,905889,Jones,556,Spain,Male,80,8,44773.73483204539,1,1,0,91509.1459109054,1
82,559773,Brown,739,Germany,Female,86,3,98054.44835838504,1,1,1,62132.917752494104,0
83,308261,Johnson,457,Germany,Male,60,8,236944.92449230744,2,1,0,84594.09322103996,1
84,864469,Smith,600,Germany,Male,65,3,35299.765884296234,1,0,0,86494.19964152487,1
85,441097,Smith,794,France,Male,51,1,190878.96091705305,2,0,0,114797.10260987208,1
86,415139,Johnson,753,Germany,Female,57,1,27170.63484367302,2,1,0,142876.79990233365,0
87,271829,Brown,719,Spain,Female,78,4,245314.3943478192,2,1,1,69518.55329790051,0
88,371836,Smith,683,Germany,Female,67,3,95404.12477728374,3,1,1,35064.05622975581,1
89,538974,Smith,479,Spain,Male,84,6,193808.634724764,2,1,0,89555.41506007676,0
90,302283,Jones,806,France,Male,79,4,85647.77070278296,4,0,0,95335.35985790023,0
91,296769,Brown,642,Spain,Female,75,5,156917.2192897022,1,1,0,50212.86613582983,0
92,661353,Smith,369,Spain,Female,50,9,48004.02118500918,3,0,1,121255.752753128,0
93,323165,Brown,631,Spain,Female,33,3,36505.254824240634,1,0,0,148191.493012979,1
94,723587,Johnson,634,France,Female,65,1,234516.03489203283,3,0,1,143492.96604101532,0
95,635822,Williams,350,Germany,Female,27,9,229411.81947610836,4,0,1,53652.72465883826,1
96,587879,Smith,468,Germany,Male,55,8,221867.2350532206,3,1,0,135043.58878809126,1
97,664685,Jones,384,France,Male,36,9,156358.36254164836,3,1,0,114539.23636940216,0
98,882038,Johnson,547,Spain,Male,53,6,202067.05280406956,3,1,0,84461.58765682939,1
99,453531,Brown,834,Germany,Female,76,3,17259.234227843728,1,1,1,94873.3193189675,1
100,363160,Johnson,594,France,Male,80,2,83697.26047266979,2,0,1,131952.020997895,0
101,679879,Smith,408,Germany,Male,63,9,78425.78118928906,1,0,0,87616.19275660478,1
102,320884,Brown,674,France,Male,20,2,158911.33048815333,2,0,1,74784.88429261523,1
103,123247,Williams,510,Spain,Male,82,8,88989.44336766013,1,1,0,89189.69916311829,0
104,124300,Johnson,846,Germany,Male,25,4,37126.695410920205,4,0,0,99495.57648420589,0
105,567281,Smith,528,France,Female,68,2,149116.76885338593,4,0,1,52689.318453401866,0
106,707086,Jones,555,Germany,Male,23,4,203595.98016727038,3,0,1,138108.9276320389,0
107,633556,Brown,361,Germany,Female,56,1,95530.8736149933,4,0,1,110902.43385955365,0
108,448951,Johnson,839,Germany,Female,77,3,33067.17877462043,3,1,1,105992.27008049867,1
109,374329,Johnson,625,Germany,Female,45,9,49172.049328205765,2,0,0,41939.54714167658,1
110,819064,Williams,530,France,Female,71,1,59370.826292346,4,0,0,102500.87258071102,0
111,842139,Williams,591,Spain,Female,54,1,74974.39824863405,2,1,0,44515.279468619075,0
112,532315,Jones,565,France,Male,26,7,160698.7676265773,1,1,1,39443.721023447884,1
113,616588,Jones,600,France,Male,73,0,150236.37113442976,2,1,0,93277.30747708719,0
114,336584,Smith,648,France,Female,76,6,174019.9653917598,1,0,1,78334.2640855794,0
115,662332,Smith,475,Spain,Female,19,4,90625.4961328783,2,0,1,100657.23241874679,1
116,937646,Jones,831,Germany,Female,78,7,205999.4129699946,2,0,1,40706.660166868634,1
117,476896,Jones,566,Germany,Male,75,0,51021.915288940065,4,0,0,81717.96754167101,1
118,148984,Brown,655,Germany,Female,77,6,117260.18687953848,2,1,1,50974.40580541895,0
119,402918,Williams,634,Spain,Male,57,4,200234.68038535758,4,0,1,148452.010310894,1
120,364712,Smith,534,Germany,Female,53,3,45039.66193315481,4,0,1,97338.02549222093,0
121,220151,Williams,388,Spain,Male,54,6,27465.778435195738,3,1,1,112492.42331290408,1
122,555808,Williams,572,Germany,Female,35,9,220920.99192199743,3,1,1,69050.19368191293,0
123,233767,Jones,533,Germany,Male,80,1,85732.41568979897,1,1,1,41368.669773521295,0
124,748663,Brown,844,France,Female,39,0,170967.531227258,2,0,1,147104.5035340244,0
125,803550,Johnson,776,Spain,Male,28,0,6337.15106598462,1,0,1,64351.08424598198,1
126,236330,Brown,527,France,Male,75,0,172511.7221023624,2,0,1,80856.98222082891,1
127,580754,Brown,756,France,Male,74,4,79025.32788674263,3,0,1,107983.670604309,1
128,401648,Williams,777,France,Male,21,9,13935.213396860436,3,0,1,32963.675722333355,0
129,788519,Brown,643,Spain,Male,24,6,152453.19038702926,2,1,1,127231.09566207443,1
130,113986,Smith,689,Spain,Male,78,1,60200.95401829331,2,1,0,94389.38280343443,1
131,686146,Williams,500,Germany,Male,71,9,96701.81051297,3,0,0,63386.06244825866,0
132,229312,Smith,733,France,Female,85,7,20145.2030716284,3,0,1,37392.95823509631,0
133,112666,Johnson,475,Germany,Female,18,3,36790.81277373633,1,0,1,49499.809856932974,1
134,400804,Williams,650,France,Female,72,2,74494.30887396094,3,0,1,137404.06306241243,1
135,234633,Johnson,657,Spain,Female,20,9,22439.875140039283,2,0,0,112322.90687230692,1
136,388998,Williams,685,Spain,Female,55,7,227706.5661715788,1,1,0,59988.20659642678,0
137,950937,Jones,783,Spain,Male,18,1,1511.7607959946045,2,1,0,37872.091793403546,1
138,728776,Brown,583,France,Male,55,2,120965.05471607785,4,1,1,112873.83748639635,0
139,807611,Jones,729,Spain,Male,46,2,30811.86453313786,1,0,1,98688.92711613182,0
140,384806,Johnson,724,France,Male,22,9,76919.77236948714,2,0,1,78542.3429349882,1
141,894824,Brown,357,Germany,Male,38,0,231514.88995456637,3,1,1,73633.37390280765,1
142,130535,Williams,847,France,Female,88,5,40423.63831849671,4,1,0,56017.713111492994,0
143,475713,Brown,690,Germany,Female,84,1,241458.07992958315,2,0,1,110353.35078450211,0
144,938688,Smith,478,France,Female,64,0,51448.59424735543,1,1,0,146480.16333526446,1
145,451279,Brown,613,Germany,Female,52,1,185391.52711670738,2,1,0,51085.8295004191,1
146,921654,Smith,506,Spain,Male,85,5,136669.31622432792,4,0,1,101653.9944018604,1
147,701661,Brown,701,Germany,Male,86,3,221119.6818991898,1,1,0,80902.20668951714,0
148,747972,Smith,707,Spain,Male,18,5,138498.31387578274,4,1,0,83602.64660935978,0
149,589570,Johnson,354,Spain,Female,85,8,133639.80478907717,2,1,0,60497.67361533773,1
150,556551,Jones,844,Germany,Male,29,9,48864.500092099974,3,0,0,129016.18507937029,0
151,373109,Williams,435,France,Female,77,9,41557.34051291468,3,1,1,88230.67249766894,0
152,124538,Brown,524,France,Male,44,7,229122.28777887856,2,1,1,95208.7022637917,1
153,994498,Jones,639,France,Male,73,0,81959.54971250852,2,1,0,66571.30953567909,0
154,301664,Williams,542,France,Female,40,7,93020.56374072398,2,0,1,51817.01588003397,1
155,591234,Williams,660,France,Male,42,8,189955.9146070971,1,0,0,40309.246584338456,1
156,999684,Smith,468,Spain,Male,38,5,84705.87060570184,4,1,1,115694.29691098991,0
157,239182,Johnson,567,France,Female,78,9,238015.6116597507,4,0,1,53548.11380254268,0
158,572525,Johnson,776,Spain,Male,80,4,184481.94224970008,4,1,1,112809.04250265572,1
159,258338,Jones,807,Spain,Female,69,5,149357.310643355,2,0,1,76845.17352563445,0
160,284064,Johnson,763,Spain,Male,42,5,220223.79013618812,4,0,1,79892.97611875818,1
161,314020,Brown,463,Germany,Male,72,8,12401.477087370688,2,1,0,86301.2995311326,0
162,723094,Johnson,815,Germany,Male,63,3,64265.67304730219,1,1,1,74125.02097530517,0
163,997421,Jones,494,Spain,Male,49,1,116259.0835552275,3,1,0,42074.39726671081,0
164,715270,Johnson,375,Germany,Male,72,8,56744.63486788025,2,0,0,67155.8172003415,1
165,745914,Brown,485,France,Male,22,1,185976.29682553798,2,1,1,109648.12328327261,0
166,219176,Smith,652,France,Male,53,9,229802.0077634313,3,0,0,109894.12817626452,1
167,318126,Jones,581,Spain,Male,66,8,105942.52998273085,3,0,1,64346.91686879932,1
168,318969,Smith,718,France,Female,75,1,85533.15002797374,1,1,0,85212.31518692255,1
169,222409,Smith,425,Spain,Female,56,7,240387.68303439155,4,0,0,53213.6673614325,0
170,647707,Smith,824,Spain,Male,78,8,111213.10820688521,2,1,1,55244.649783580295,1
171,353618,Williams,677,France,Male,26,9,122262.1001123208,4,0,1,32765.65060879289,1
172,869598,Williams,694,Germany,Female,23,8,87912.46808547634,2,1,1,137609.58598892935,0
173,150015,Smith,651,France,Male,52,9,227387.1182530346,1,0,1,55284.79980898874,1
174,872838,Jones,801,France,Male,56,8,142238.87082046267,3,0,0,57304.06523237559,1
175,222096,Brown,638,Spain,Female,39,1,190543.64679541116,1,1,1,63552.17191741582,0
176,731347,Brown,350,Spain,Male,58,3,202951.6795877216,3,0,0,45288.96860345148,1
177,285340,Johnson,496,Spain,Male,22,6,85462.26047931454,4,1,0,106711.54598176354,0
178,210687,Jones,636,Spain,Female,59,1,108423.58283009501,4,0,0,39017.15438131039,1
179,974371,Williams,813,Germany,Male,84,0,212117.94360156616,1,0,0,46104.291159162036,1
180,511357,Smith,491,Germany,Male,47,2,90813.83791895256,3,0,0,107370.80719081115,0
181,835716,Johnson,402,Germany,Female,74,3,198483.78336296283,1,1,0,70759.27445777314,1
182,205878,Brown,653,Spain,Male,46,7,235248.08064360928,3,1,1,114953.73920414268,1
183,827270,Williams,418,Spain,Female,54,5,155802.59326700174,3,1,0,96890.96936041705,1
184,298286,Williams,710,Spain,Male,30,1,185406.82186297223,4,1,0,60722.540767381564,0
185,873290,Smith,439,Germany,Male,49,8,201274.32801028373,4,1,0,108099.35405871937,0
186,874684,Brown,795,Spain,Female,63,1,211259.91222416062,3,0,1,43952.841635145676,0
187,264899,Jones,569,France,Female,40,4,98763.334464199,3,0,1,94369.24596960365,0
188,424767,Williams,799,France,Male,62,3,12815.864793999543,3,1,0,82457.77260540416,0
189,961882,Smith,847,Spain,Female,34,6,100469.06780918488,4,0,1,62144.829938092895,1
190,979858,Jones,541,France,Female,83,7,168439.05744602243,4,0,0,102480.59972874001,0
191,479989,Brown,803,France,Male,23,4,112587.5964451982,2,0,1,134560.0310808339,0
192,515515,Williams,412,Germany,Male,35,9,187240.78771509964,3,0,0,149868.5639715692,0
193,143585,Jones,422,Spain,Male,39,4,89245.60736716597,2,1,1,102931.53224921094,1
194,471369,Jones,510,Spain,Female,50,1,158686.03527600737,3,0,1,78564.70491950042,1
195,164044,Jones,518,Germany,Female,47,7,46604.951213493645,4,1,1,57024.852025944194,0
196,542296,Williams,438,France,Female,49,1,187342.35916123923,2,1,0,60851.53072741341,1
197,209556,Williams,525,France,Female,59,9,136423.99220325646,2,0,0,87534.59737797189,1
198,626981,Johnson,618,Spain,Male,27,5,51016.09713665015,1,1,0,74073.32415368511,1
199,981691,Brown,422,France,Female,53,7,72977.79337445182,3,0,1,139657.7427149933,1
200,867595,Smith,594,Germany,Male,51,5,187152.1771454581,4,0,1,74195.45611868514,0
201,300235,Jones,426,Germany,Female,45,3,120650.30891538017,1,0,0,74813.35093745225,0
202,125939,Johnson,508,Spain,Male,28,3,54007.86009826805,1,1,1,76024.14149207724,1
203,252906,Smith,838,Germany,Male,56,5,241817.7975925744,3,1,0,130394.42524411897,1
204,642335,Johnson,808,Germany,Male,64,3,178781.25495422198,1,1,0,108094.59850162822,1
205,388249,Williams,673,Spain,Female,36,7,239283.70813494903,3,0,0,103700.26203826712,1
206,175766,Jones,447,Germany,Male,32,8,106776.26134008581,1,0,0,70097.16268606347,0
207,508923,Smith,730,Germany,Male,45,0,118775.08517293012,3,0,1,128148.50121989273,1
208,515192,Smith,451,Germany,Female,41,3,224488.80404625478,4,1,1,34603.663362684136,0
209,668550,Smith,843,France,Male,89,3,131262.33506134615,3,0,1,134495.66068057358,1
210,487261,Smith,481,Spain,Female,26,1,176819.7279764168,3,0,0,91529.98797527155,0
211,910208,Smith,451,Spain,Female,64,5,63043.21937388249,2,1,1,77790.02818360954,1
212,785440,Johnson,368,Spain,Male,50,2,111681.61717566014,4,1,0,89660.07368612228,0
213,752664,Jones,803,France,Male,79,6,30862.46645258878,4,1,0,110089.86366405973,0
214,554589,Williams,831,France,Female,36,4,51495.00896924042,4,0,0,31531.851182147682,0
215,237848,Williams,431,Spain,Male,84,3,235.85381690777174,1,0,0,134586.22277498973,1
216,717075,Williams,746,France,Female,57,4,9816.262912165059,2,0,0,83608.74303736714,0
217,227948,Williams,838,Spain,Female,64,7,244320.95579423232,4,1,0,71155.98236400938,1
218,679304,Johnson,628,France,Female,82,2,60588.42378419058,1,1,1,46589.467876086856,0
219,502690,Brown,688,Germany,Male,46,6,165827.6773760005,1,1,1,82735.84492301306,0
220,599046,Jones,714,Germany,Female,67,5,209774.92469990288,1,1,1,89558.73255412545,1
221,551269,Smith,680,Spain,Male,30,0,137665.11480914106,2,0,1,78437.60333921734,0
222,121959,Brown,478,France,Male,18,6,38286.12502098905,1,0,0,111439.21125922765,1
223,760890,Williams,693,France,Male,51,6,182029.1093340416,2,0,0,80507.58345110712,1
224,850216,Brown,659,Germany,Male,65,0,150062.85252489577,3,0,1,145370.1093415888,1
225,890180,Jones,804,Germany,Female,65,8,182812.64733684377,1,0,1,101913.30213883102,1
226,328576,Smith,438,France,Male,66,5,192436.6557142718,4,0,1,126897.35227822907,0
227,637833,Smith,562,France,Female,81,1,243852.59192118628,1,0,1,43122.70837313746,0
228,265838,Jones,492,France,Female,78,4,143390.8200066775,3,0,1,77674.9551535087,1
229,435674,Jones,414,France,Male,46,3,85410.27817265046,3,1,1,70421.72417365832,0
230,979989,Williams,425,France,Female,56,6,162116.13922505928,1,1,1,98337.88657639101,0
231,161087,Smith,548,France,Female,43,7,17110.177310656534,3,0,1,133333.62240737106,1
232,693128,Brown,492,Spain,Male,34,0,224349.3295803966,2,1,0,39400.586131440796,0
233,218451,Johnson,754,France,Female,88,4,29845.252834549196,2,0,0,38708.97576536529,1
234,547600,Johnson,752,Germany,Female,30,2,81960.70947145457,1,0,0,132038.12497891186,0
235,937437,Jones,665,Spain,Female,86,0,203936.34515653024,2,1,0,55542.01032460289,0
236,539792,Williams,442,France,Female,43,2,149328.09458267796,2,0,1,110250.39053397764,1
237,139353,Johnson,822,Germany,Male,66,5,98408.88006936052,4,0,0,95145.37588329663,0
238,293075,Smith,766,Spain,Female,84,6,118358.91484375535,1,0,1,129947.23138646754,0
239,314283,Jones,654,Germany,Female,24,7,213636.84830054507,3,0,0,45010.66918036842,1
240,414877,Brown,573,France,Female,75,3,85001.09651497303,1,0,1,45573.95588671335,0
241,165318,Jones,846,France,Female,66,2,217412.42120304282,2,0,1,96818.20323339691,1
242,865313,Brown,640,France,Male,70,4,22033.607744172874,4,0,0,143565.4384030045,0
243,582690,Jones,777,France,Female,82,8,194199.60930215768,1,1,0,79799.73100449052,1
244,516880,Jones,451,Spain,Male,79,5,211886.90826368408,1,1,1,69233.05203056338,1
245,691460,Jones,823,Spain,Female,34,8,45454.413209334685,2,0,1,102802.7187837463,1
246,840976,Brown,616,Germany,Male,60,5,107586.63309305011,2,1,1,141653.83206540375,1
247,881239,Brown,704,France,Male,42,1,41374.9436659139,1,0,0,130431.33994135485,1
248,193264,Jones,805,Germany,Male,20,4,176651.03224855443,2,0,0,149458.03328798639,0
249,870746,Johnson,459,Spain,Male,46,8,133836.94201541418,2,0,1,32708.22998428525,0
250,913168,Williams,811,France,Male,49,7,158830.83667708025,2,0,0,43542.977365531464,1
251,325281,Williams,679,France,Female,43,6,49121.741739052784,2,1,1,103136.13160399464,0
252,737147,Williams,799,Spain,Female,33,0,52936.46551310488,2,1,0,128469.17272006196,1
253,998613,Brown,779,Spain,Female,42,3,10374.331377476592,4,1,0,64229.32107681198,0
254,494070,Brown,614,Spain,Male,71,6,80516.88379893244,2,1,0,58705.33056410625,0
255,452228,Johnson,352,Spain,Female,45,6,139936.16533341873,3,0,0,124437.0959257441,1
256,531839,Williams,434,Spain,Male,73,5,214483.7284993322,1,1,0,36765.82246238779,1
257,369536,Williams,631,France,Male,82,7,166731.86186467018,4,0,1,74325.91770991021,0
258,417824,Jones,677,Spain,Female,58,5,108849.08084993786,4,0,1,90697.10671107957,0
259,357426,Brown,653,France,Female,68,9,238280.02859853444,2,1,0,97241.84092203881,1
260,277789,Williams,799,France,Male,88,2,179811.30014395795,1,0,1,117433.81881513323,0
261,613153,Johnson,803,Spain,Male,46,3,232541.3007156375,3,1,1,72581.48681167899,0
262,842452,Johnson,761,Spain,Female,36,2,131896.9933180414,2,1,0,103522.12136095286,1
263,937291,Williams,466,France,Female,83,0,64726.0686982849,1,1,1,100245.05073491477,0
264,225657,Brown,570,Spain,Female,58,9,13206.671591180497,2,1,0,95713.93207844965,1
265,335167,Johnson,503,Spain,Female,62,4,181521.21287096263,2,1,1,106857.99517706546,1
266,781669,Jones,502,Spain,Male,32,0,30325.749501383532,2,0,1,61133.90052816916,1
267,580671,Johnson,361,Germany,Female,20,0,75693.7820679918,2,1,1,40157.85043015548,0
268,819094,Smith,482,France,Female,28,1,133117.72697097436,2,1,1,44312.60064476921,0
269,170467,Smith,831,Germany,Female,70,3,141104.14694493692,2,0,1,56949.88591846813,1
270,283734,Brown,653,Spain,Male,63,5,150145.799246784,2,1,1,90023.75226273423,1
271,722794,Williams,642,Germany,Male,47,7,41563.83258742516,3,1,1,130853.13006552242,0
272,209751,Brown,812,Spain,Male,74,2,94934.35120541218,4,0,0,114155.20105060609,0
273,481050,Brown,649,Germany,Male,35,0,154298.55677924168,3,0,0,124684.87250424565,0
274,911774,Brown,577,Spain,Female,68,2,242454.7161584462,2,1,0,72117.07487113096,1
275,792517,Brown,620,Germany,Male,65,2,181907.78442492217,2,0,0,78558.44899782602,1
276,561079,Jones,392,Germany,Female,83,4,230650.93927348946,3,1,1,77241.82631887353,0
277,468452,Jones,781,Germany,Female,25,3,190553.01457854427,3,0,1,53024.78212854018,0
278,206081,Johnson,692,France,Female,39,3,147929.2422231001,4,1,1,37345.99897722864,0
279,713333,Smith,675,Germany,Female,23,8,48005.84228408614,3,1,0,100909.93113926721,1
280,658986,Brown,651,France,Male,74,6,166671.41297312826,4,1,0,148706.0020104703,1
281,210078,Johnson,847,Spain,Male,53,3,155844.89148997676,2,0,0,50019.564594031544,0
282,967055,Smith,713,Germany,Male,74,2,150617.2926143166,1,1,1,35602.17838791285,0
283,122671,Williams,728,Spain,Female,66,5,122446.46699706018,1,0,0,123543.80181887196,1
284,518400,Jones,776,Spain,Female,62,2,132164.1509973189,1,1,1,60310.320802166905,1
285,455528,Smith,842,Germany,Female,83,5,83610.63177952601,1,1,0,129557.2566423514,0
286,710490,Williams,370,France,Female,62,8,129828.1731605758,2,1,1,114472.40004414185,0
287,151663,Smith,756,Germany,Female,37,5,49388.97641961956,1,1,0,143480.82444609655,0
288,115708,Jones,456,Spain,Male,81,3,201293.5993400942,3,1,1,79071.26829080064,1
289,978338,Jones,685,Spain,Female,84,4,46444.238674676955,3,0,0,109436.3807340761,0
290,411955,Johnson,652,Germany,Male,20,5,21241.572472366603,1,0,0,85782.57369759248,1
291,233883,Brown,466,France,Female,71,2,109061.50658928935,3,0,1,105670.64367702522,1
292,418394,Smith,473,France,Female,81,7,164576.85987651546,4,1,1,83951.86872092847,0
293,212547,Smith,748,Spain,Male,57,3,109429.20623338534,2,1,0,52635.86957088898,0
294,659042,Williams,630,Spain,Male,76,7,69188.53298782714,1,0,1,90947.68992040571,1
295,851102,Jones,641,France,Female,72,9,139542.79597261018,1,1,0,93430.10417249308,0
296,862002,Smith,552,Germany,Female,79,9,86750.58385304999,2,1,1,127272.46179121934,1
297,242483,Jones,400,Spain,Female,21,2,233216.92253165826,3,1,0,118262.48469522974,0
298,758271,Smith,620,France,Female,77,9,230661.28490089302,2,0,1,109654.99487297329,0
299,314835,Johnson,673,Spain,Male,47,6,125592.95499302386,2,0,0,43606.4514663087,0
300,501896,Brown,626,Germany,Female,19,8,81970.99850456463,3,0,0,116473.9548796458,0
301,184896,Smith,490,France,Male,79,3,184283.10348915978,2,0,0,90036.61876254177,1
302,577095,Jones,819,Spain,Female,66,7,9178.23587076666,3,0,1,137291.9443327391,1
303,171295,Johnson,624,Germany,Male,26,2,118692.25151091281,3,1,0,140384.51209566515,1
304,843974,Smith,639,Spain,Male,48,6,84080.84856758338,2,1,1,36618.79087221425,0
305,987121,Williams,683,Germany,Female,78,2,230133.97127563867,4,1,1,128476.98724253745,1
306,373255,Brown,730,Germany,Male,65,6,3000.7568181706356,3,1,1,34523.68685072048,1
307,399648,Smith,801,France,Female,42,9,138203.71892958728,2,0,0,74060.35508340271,1
308,757162,Johnson,845,Germany,Male,53,9,185165.8952666565,3,0,1,95075.9970745295,0
309,108155,Williams,722,Spain,Female,25,5,121254.49688101032,4,1,1,47772.09583525529,1
310,566872,Johnson,401,Germany,Male,75,1,21350.757540680414,4,0,1,119557.65750828922,0
311,925816,Johnson,843,Germany,Female,62,2,243115.34750697555,1,1,0,31002.56450065663,0
312,474705,Williams,376,France,Female,79,5,129502.60784402447,3,1,1,50231.88581208442,1
313,671542,Johnson,506,Germany,Male,56,3,153546.56107975284,3,1,1,99695.61958241709,0
314,908350,Williams,588,Germany,Male,75,5,59152.44567687683,2,1,1,115726.50744447508,1
315,710269,Smith,505,Spain,Male,81,0,120874.52127670095,3,0,1,139997.17232326994,1
316,654594,Williams,640,France,Male,61,9,107287.37298958047,1,1,0,114659.59823215487,1
317,247718,Williams,485,France,Female,46,0,18723.960500495934,4,0,0,110613.51243058391,1
318,408987,Brown,493,France,Male,76,2,26540.088386866806,4,1,1,77320.93756207972,1
319,745263,Williams,455,Germany,Female,88,7,209368.12990469363,1,1,1,30154.13106321617,0
320,458745,Williams,769,France,Male,26,7,59954.98805164756,3,1,1,44419.11104827463,1
321,207512,Smith,507,Germany,Female,23,3,48739.56787465764,3,1,1,94146.54537072469,0
322,247443,Brown,495,Germany,Female,46,5,126227.86281253482,1,0,0,111015.58630133036,1
323,570587,Jones,351,Spain,Female,75,7,192186.78284062824,2,1,0,80093.79406757551,1
324,473616,Smith,782,Spain,Female,34,6,15486.62964474698,4,0,0,117681.48138340682,1
325,757409,Smith,426,Spain,Male,33,6,144201.97990956396,1,1,0,92623.47543986145,0
326,786976,Jones,481,Spain,Male,20,3,29802.61071014334,1,1,1,38901.14347131747,0
327,465871,Williams,439,Spain,Female,38,8,9115.262706404614,3,1,1,53041.950116153865,0
328,475037,Johnson,694,Germany,Male,81,9,13185.988040554348,4,0,0,130799.78678927314,0
329,907364,Brown,699,Germany,Male,53,5,208541.02705211032,3,1,0,116989.52959493274,1
330,217796,Johnson,808,France,Female,79,2,29493.120907015393,1,1,1,137371.4384414994,1
331,391999,Jones,612,Germany,Male,59,4,11287.841103072988,2,1,1,44106.86989451239,0
332,292506,Smith,700,Germany,Male,59,4,109474.97178572806,4,1,1,148826.70415380888,0
333,798376,Smith,457,Spain,Male,78,4,210998.3679855062,1,1,1,55128.80567399203,0
334,369544,Brown,423,Germany,Female,30,7,65602.09412232548,1,0,1,31413.585154397042,1
335,480002,Smith,388,Spain,Male,28,8,105428.1543814791,2,0,0,149690.7526864265,0
336,798002,Smith,746,France,Female,71,8,9980.633140937805,1,1,0,63728.86625341357,0
337,639439,Brown,508,France,Male,33,5,112269.62853371896,1,1,1,110162.33430150719,1
338,690978,Brown,420,Germany,Male,25,5,144403.27015928342,4,0,1,51201.87770115663,0
339,628787,Jones,796,France,Male,76,8,142726.7634380362,4,1,0,99627.42386389701,1
340,630583,Smith,661,Germany,Female,74,3,83106.67304359129,4,0,1,138484.19837454712,1
341,488215,Smith,590,France,Female,57,5,78883.29516578389,3,1,0,68421.74009141263,1
342,421184,Jones,775,Spain,Male,76,3,26655.90473414947,2,1,0,110430.4771253231,1
343,898615,Williams,794,Spain,Female,19,0,91699.5801615671,4,0,0,52548.43065580998,1
344,522515,Williams,647,Spain,Male,27,6,24873.667218241164,3,1,0,104975.44784624703,0
345,768234,Williams,789,Spain,Female,61,9,191648.9861780129,3,0,1,70374.04221810121,0
346,478480,Jones,385,Germany,Female,28,5,241568.57443704645,2,0,1,55344.9910305542,1
347,132711,Smith,433,France,Male,19,8,242518.6141666767,2,0,0,67581.84608443623,1
348,891971,Jones,801,Germany,Male,67,6,216267.77484384846,1,1,1,51460.92822093592,0
349,601157,Jones,723,Spain,Male,29,6,150198.03733490477,3,0,1,138229.93294054593,0
350,284423,Williams,612,Germany,Male,40,1,175216.42431096997,4,0,1,77662.42635805547,1
351,616349,Johnson,659,France,Female,35,8,71301.45067010351,2,1,1,59433.51659692408,0
352,803714,Smith,734,Germany,Female,79,9,157692.60504315517,3,1,0,83808.94092191194,0
353,757917,Williams,521,France,Female,79,8,113912.38735996936,4,1,1,68464.34001677946,1
354,924792,Johnson,725,Germany,Male,55,5,120504.33494423312,3,1,0,119330.31045759912,0
355,837378,Johnson,522,France,Male,84,2,189444.1400937895,2,1,0,146546.38942625932,0
356,233272,Brown,711,France,Female,55,0,70479.5888993129,1,1,1,82564.03880371762,0
357,867836,Smith,396,Spain,Male,84,3,79509.90292362997,3,0,0,133324.00799666886,0
358,802335,Johnson,728,France,Female,78,2,231160.44778215917,4,1,1,97903.56882715435,1
359,907789,Williams,490,Spain,Female,18,0,14056.073712743062,2,0,1,48868.27981130802,0
360,743409,Brown,724,Spain,Female,62,2,121408.5746033351,1,1,0,112874.729049761,1
361,177505,Smith,755,Spain,Female,45,3,228200.20010196543,4,0,1,91612.1396550984,0
362,102869,Jones,467,Germany,Female,38,7,152590.75195453924,4,0,0,108072.78279025241,1
363,881474,Williams,626,Germany,Male,30,8,136601.76855303303,4,1,0,136762.4895085998,1
364,554351,Johnson,563,Germany,Male,44,2,62436.0448073388,3,1,1,82852.14847872553,0
365,412252,Johnson,569,Germany,Male,24,5,85818.87226611207,2,0,1,138141.31478608266,1
366,736584,Williams,742,France,Female,39,9,213012.10395117322,4,1,1,120080.28171379858,1
367,718467,Johnson,375,France,Female,70,4,139804.53294211454,3,1,0,88632.59110535818,1
368,190272,Brown,358,Germany,Female,21,5,128685.54843919497,2,0,1,102386.65627895565,1
369,138467,Smith,620,France,Female,40,3,24894.92838500723,2,0,0,69069.73590228138,1
370,909760,Brown,359,France,Male,87,9,4007.0391137807806,3,0,0,148031.67596865288,0
371,977844,Johnson,821,Spain,Male,50,5,240921.29717176227,3,1,1,110082.13956604752,1
372,580047,Jones,727,Spain,Female,45,6,94246.54182171042,4,1,1,35261.62229959559,1
373,759347,Smith,470,Spain,Female,25,8,150803.26552487607,2,1,1,69194.62868976104,0
374,158871,Smith,474,Spain,Female,18,9,19928.768296821247,1,1,0,104797.7320510869,0
375,228391,Williams,519,France,Male,54,6,170778.57143076163,3,0,1,36759.99333590877,1
376,539430,Williams,421,Germany,Male,80,5,233141.67717649022,2,1,0,32866.10295829713,0
377,710704,Jones,501,France,Male,39,0,143916.31324935492,2,0,1,84002.9087433363,0
378,956703,Smith,557,France,Female,87,1,31528.830593852643,4,1,1,69922.82156312041,0
379,930496,Jones,398,France,Female,38,0,145430.38186836918,1,1,0,82595.8329639799,0
380,356687,Williams,503,Spain,Male,52,8,191586.8032761631,4,0,0,61523.19718560062,0
381,825451,Williams,696,Spain,Female,22,9,101604.13414350466,1,1,1,49766.12963315771,0
382,207450,Smith,642,Spain,Male,77,9,219959.43698536695,1,1,1,112697.20283764052,1
383,271890,Brown,417,Germany,Female,63,8,162170.73833934113,3,0,1,91748.53395213606,1
384,538741,Johnson,399,France,Male,67,6,224812.22957230062,2,1,1,54018.50534992402,0
385,381974,Williams,501,Germany,Female,65,1,155876.32781183432,2,0,1,68350.7311511998,0
386,500109,Williams,368,Spain,Male,23,5,32821.99300120606,2,0,0,101016.9489195991,1
387,216381,Brown,449,Germany,Male,73,3,77422.92777629728,1,0,0,38667.52179269734,0
388,573125,Brown,409,France,Male,76,0,50448.73706311423,2,0,0,47694.361111941544,1
389,671621,Jones,516,France,Male,46,0,227206.6244292156,3,1,0,38789.472492886816,0
390,234508,Jones,551,Spain,Male,88,4,190100.01682187067,1,1,1,127478.07992569427,1
391,829650,Johnson,694,Spain,Male,35,1,169099.5922275015,1,1,0,120289.10798544111,1
392,962645,Johnson,495,Germany,Female,19,3,75241.57990790543,1,0,0,120397.55182551085,0
393,499111,Smith,752,Spain,Female,25,0,46011.19301255338,1,1,0,115959.04121712336,0
394,250810,Jones,513,Spain,Female,71,3,189112.77199722794,3,1,1,110326.25084038431,0
395,392890,Williams,807,France,Male,55,5,118539.48646976992,2,1,0,87239.029845381,0
396,673665,Jones,830,Spain,Male,65,9,56447.38803765728,3,1,1,107073.3796208538,1
397,940477,Williams,788,Spain,Female,44,3,154155.49454131877,2,0,0,34603.38657455696,0
398,460032,Brown,591,France,Male,37,0,10083.463034612994,3,0,1,104575.73071881416,1
399,469599,Jones,418,France,Male,29,6,81542.56353206337,4,1,0,123345.32466442526,0
400,760960,Brown,524,Germany,Male,60,1,117139.24864778366,4,0,1,90043.00324612681,1
401,850020,Johnson,398,Spain,Male,78,8,36989.58352735146,4,1,0,72901.59941126843,0
402,979611,Johnson,832,France,Male,48,2,246163.6193977099,4,1,1,63291.20817611749,0
403,271836,Smith,457,Germany,Female,78,7,52274.34114740356,1,1,1,107136.2460194499,1
404,829903,Jones,575,Germany,Female,84,7,32588.282510816385,1,0,0,113136.14383558904,0
405,145714,Brown,510,Spain,Female,52,2,50883.718471724096,3,1,1,134516.1119835051,0
406,727234,Williams,468,Spain,Female,32,3,192265.28328993107,3,0,1,71080.08989531889,0
407,996048,Johnson,498,Germany,Female,33,1,106376.4148179607,4,0,0,122372.67688627026,0
408,730271,Johnson,814,France,Male,30,3,141353.9849381345,2,1,0,97362.69890272056,0
409,566960,Williams,499,Germany,Male,52,8,5252.289246590186,4,0,1,135940.37888136948,1
410,811851,Brown,781,Spain,Male,76,1,8607.827143328639,3,0,0,93337.45299547448,0
411,224123,Brown,642,France,Male,38,2,111456.38745675405,4,1,0,92115.57940775607,1
412,405628,Jones,492,France,Female,71,3,204163.8108004059,3,0,0,99345.2497729091,0
413,182989,Jones,768,Germany,Female,47,4,221309.7196768913,4,0,1,119917.84261709213,0
414,398356,Smith,825,Spain,Female,65,0,21676.641898910053,2,1,1,145762.85745941533,1
415,929957,Johnson,804,Germany,Male,52,6,134590.77552525568,4,1,1,38827.602505891875,1
416,278274,Jones,509,Germany,Female,55,9,228307.4215698176,2,0,1,36412.15228692206,1
417,787995,Brown,360,Germany,Male,48,6,96993.18859947158,2,1,1,142506.04048888062,1
418,425352,Williams,487,France,Female,41,8,207391.45785709214,3,1,1,93585.07506218474,1
419,920260,Brown,806,France,Female,66,3,33423.91359985905,2,0,1,103788.36174803233,0
420,511927,Johnson,427,Spain,Male,49,5,233848.62241694969,1,0,0,87890.83219136746,1
421,889852,Brown,426,Spain,Male,72,1,187855.82938282567,1,1,1,41238.89431289694,1
422,983184,Smith,790,Germany,Female,75,3,235333.59819672542,1,0,1,122170.72541023999,0
423,231373,Johnson,603,Germany,Female,20,1,169154.3083881266,3,1,0,119666.95741063042,0
424,538452,Williams,758,Germany,Male,86,9,90850.98299985674,1,1,0,67404.39857913743,1
425,215294,Smith,607,Spain,Female,27,4,234545.2931311806,3,0,0,66748.70942740806,1
426,559451,Johnson,669,France,Female,42,6,68891.69407729463,3,0,1,130540.96570866222,1
427,748307,Williams,640,France,Male,85,0,83043.13051543313,1,1,0,38682.87092895919,0
428,165726,Smith,612,Germany,Female,78,9,175202.1045004351,2,1,1,135732.61780278792,1
429,241564,Smith,434,Germany,Male,46,9,191329.07488134658,4,1,1,60799.40278750973,0
430,477812,Johnson,495,Germany,Female,36,6,232350.87096228846,3,1,1,101158.16973065927,0
431,368246,Jones,672,Germany,Male,60,9,51200.60226405237,1,0,0,142319.30148021333,0
432,805696,Smith,391,Spain,Female,83,5,199499.50880480598,3,1,0,111374.70018439757,0
433,218015,Smith,723,France,Male,78,5,184636.51334924085,2,0,1,79731.5774960444,1
434,840674,Williams,474,Germany,Female,60,7,15948.639063399467,2,0,1,112744.10506864982,0
435,354079,Brown,516,Spain,Male,42,7,96805.78530255174,1,1,1,71277.55635796442,0
436,650929,Johnson,774,Germany,Female,37,5,70691.36426502465,3,0,0,63271.00996190234,1
437,789944,Johnson,590,Germany,Female,65,2,76122.6060885076,4,0,1,149601.99335216155,0
438,788105,Jones,808,France,Female,41,4,245736.7198886752,4,1,0,120094.82774157453,1
439,613758,Jones,836,Germany,Female,28,1,160694.35336998198,3,0,1,107366.39728581812,0
440,465890,Johnson,629,France,Female,72,4,179419.03944837488,3,0,0,72634.75718631825,1
441,545101,Jones,537,France,Female,45,8,244154.40932875228,3,1,1,35899.29949860578,0
442,136631,Williams,651,France,Female,86,9,94300.44561440968,1,1,0,33726.825124218674,0
443,866577,Johnson,368,Spain,Female,80,0,200460.0421132015,2,1,0,96501.75065385585,1
444,172991,Jones,417,Spain,Female,76,9,108632.74082612385,4,1,0,121443.92652468613,0
445,104014,Johnson,567,France,Male,22,4,217383.41795374494,1,1,0,94485.50285326262,0
446,373237,Brown,451,Germany,Male,68,5,45164.385327825796,3,1,0,130894.20863269374,1
447,118070,Smith,391,France,Female,38,6,236921.5442660699,3,1,0,34011.1839711866,0
448,922209,Johnson,637,Germany,Male,29,8,54692.92710271992,2,0,1,74010.24917111281,0
449,156958,Smith,516,France,Female,67,5,81555.12674523288,3,0,1,58448.44694090137,1
450,182074,Jones,458,Germany,Female,21,4,189048.05852669512,1,1,1,83672.75617885464,1
451,635017,Smith,843,Spain,Male,59,6,98438.78539135167,1,0,1,38685.167183294696,1
452,855073,Johnson,385,Germany,Female,55,0,152052.84419161166,2,0,0,144495.7969885287,1
453,276089,Brown,581,France,Female,42,4,111143.37526735713,1,1,1,56790.648128323315,1
454,297392,Jones,578,Spain,Male,31,1,185592.48427244546,4,0,0,140676.93305803018,0
455,258823,Johnson,702,Germany,Male,49,3,57082.81309215271,1,1,0,81107.17860440182,1
456,730152,Jones,513,Germany,Female,28,6,14614.496809219252,1,0,0,148262.89599062616,0
457,493002,Williams,736,Germany,Male,78,4,74982.34936826656,1,1,1,96487.00601522528,1
458,833429,Smith,422,Germany,Male,35,5,118577.16621710756,4,0,0,141699.9437010969,0
459,598863,Williams,485,Germany,Female,44,1,42005.01304816964,3,0,1,30641.87864330674,0
460,467654,Johnson,702,Spain,Male,72,2,88699.32241409717,1,0,1,119788.65674170801,1
461,679036,Brown,728,Spain,Male,71,6,99995.75457339213,2,1,1,138366.07837230185,0
462,630089,Jones,419,Spain,Female,38,1,14347.960922068387,4,0,1,46766.46803747449,0
463,250262,Smith,774,Spain,Male,61,5,145826.81204605114,2,0,1,41535.10220785818,1
464,542905,Jones,836,France,Male,22,4,221085.85699282188,1,1,0,80948.71286231467,1
465,335362,Johnson,545,Spain,Female,58,9,37935.7282382631,2,1,0,142041.46873595222,1
466,544209,Jones,618,Germany,Female,76,0,149452.0033503785,1,0,1,95086.38722285265,1
467,653880,Smith,398,Germany,Female,71,9,166184.80122771158,4,0,0,93294.77564660786,0
468,897079,Johnson,665,Spain,Male,39,3,104833.67010482209,2,0,1,46935.134195918625,0
469,764076,Jones,479,Germany,Female,82,1,175274.3968410675,2,0,0,30094.741331186255,0
470,319963,Brown,793,Spain,Female,81,3,102682.88587275302,1,1,0,127216.81088945534,0
471,580761,Johnson,354,Germany,Male,88,0,126159.32199435873,1,0,0,40508.94755834859,0
472,348710,Johnson,777,France,Female,21,1,1838.261138606745,3,0,0,106061.97824823888,0
473,320984,Brown,376,France,Female,82,7,172930.02853367222,1,1,0,139753.97454182297,1
474,997059,Williams,509,Spain,Female,32,5,165335.6697361811,1,0,0,55038.22957901172,0
475,956748,Smith,498,Spain,Female,39,1,9600.21933158614,3,0,0,109832.7403484293,0
476,882355,Williams,613,Spain,Male,64,5,92062.52684878327,1,0,0,39443.829204901136,0
477,364512,Jones,579,Germany,Female,63,9,244757.96019791684,1,1,0,102450.61726051355,1
478,701863,Brown,549,Spain,Female,31,8,105184.1406421542,3,1,0,49671.80651438433,1
479,368799,Williams,399,France,Male,67,6,125486.35128296043,4,0,0,118314.42726182136,1
480,337549,Johnson,416,Germany,Female,37,8,227482.53953992965,4,0,0,66147.75537526899,1
481,694319,Jones,649,Spain,Male,67,4,179315.4689664391,1,1,0,85606.92105655755,0
482,584299,Jones,730,Germany,Male,50,6,145517.5327810559,1,0,1,101931.6650433146,0
483,712210,Williams,407,Germany,Male,76,6,199451.17033526814,3,0,0,50552.80927994875,0
484,548982,Williams,608,Spain,Female,60,2,216091.56661399332,3,1,0,118996.5382341145,1
485,224046,Brown,691,Germany,Male,29,6,114222.01793431671,4,1,0,66316.84087641774,0
486,506619,Smith,675,France,Male,57,0,118777.09123295885,2,1,0,109484.62318953042,0
487,132097,Williams,479,France,Male,37,8,96512.73391295895,1,0,0,48993.96608392484,0
488,766326,Williams,564,Germany,Female,55,9,241676.53500461514,2,0,0,112574.11910476204,1
489,749150,Johnson,521,Spain,Female,20,5,174291.5635725876,2,0,1,45382.56873725541,1
490,330229,Jones,607,Germany,Female,45,4,20805.766552018074,3,0,1,81042.77955239803,1
491,218834,Smith,451,France,Female,73,6,215739.90582825462,1,1,1,59664.72884866522,0
492,193848,Johnson,558,Germany,Female,30,4,120139.98520906702,1,0,0,119805.02993138191,0
493,152921,Brown,640,Germany,Female,83,9,17188.476605621865,3,0,0,61444.200540824946,0
494,805086,Brown,703,France,Female,54,4,137429.31379082776,2,1,0,135806.07676744755,0
495,750429,Williams,820,Germany,Male,66,9,104291.06974392552,3,1,1,137018.42536879354,1
496,805660,Williams,635,Germany,Male,83,6,219437.3512156562,4,0,0,53572.9578267343,0
497,384821,Brown,465,Spain,Male,53,9,50998.650902346846,1,1,0,103661.51340092691,1
498,155609,Williams,613,Spain,Male,71,6,206616.15237304574,4,1,1,40526.11700639572,0
499,327897,Smith,499,France,Female,43,2,139422.1727963632,3,0,1,76984.4519521955,1
500,131024,Williams,649,France,Male,89,2,13652.575803367261,1,0,0,115598.60754015268,0
501,170313,Jones,791,France,Male,57,9,242961.32533137116,4,0,0,109130.78962198996,0
502,489957,Williams,385,Spain,Male,60,2,128153.81102579998,4,0,0,104964.08032879296,1
503,284078,Johnson,802,France,Male,39,5,72719.21355789562,2,1,0,63904.90363949323,1
504,457429,Smith,682,France,Female,37,5,117351.71049731452,1,1,1,75362.99393212824,0
505,561243,Johnson,826,France,Female,25,2,214464.44587937224,4,0,0,42353.537364034346,0
506,213632,Johnson,636,Spain,Female,46,2,76225.78109626587,4,0,0,116282.73845203212,0
507,351451,Jones,652,Germany,Male,57,7,48169.09912167508,2,1,1,90466.65561495282,1
508,103051,Smith,660,France,Female,47,7,32267.811732720365,4,0,0,115051.87588147855,0
509,804107,Smith,557,Germany,Male,72,6,74464.8495975528,4,0,0,59873.22297562473,1
510,476836,Smith,455,France,Female,33,9,195012.02176001086,4,0,1,68932.58743620795,0
511,711523,Smith,795,Germany,Female,63,3,117906.59129881542,2,0,1,70105.84047121376,0
512,821772,Smith,507,Spain,Female,79,3,56870.400923384994,4,1,0,33089.089169665946,0
513,289407,Jones,470,Spain,Female,24,2,41546.249902437296,4,0,1,70925.74473967482,0
514,549395,Williams,404,France,Female,62,4,83182.36912759478,1,1,1,126396.54882216403,1
515,562894,Johnson,749,Germany,Male,76,2,234981.0932214272,1,0,0,137675.81948996862,1
516,311810,Smith,361,Spain,Female,73,7,85756.6781475061,2,0,1,92186.19787631129,0
517,827975,Williams,494,France,Male,65,6,247031.01898865885,3,1,0,84660.20342630643,0
518,173523,Williams,749,France,Male,44,2,121307.61394133905,1,0,0,33698.95424392443,0
519,860463,Johnson,745,Spain,Male,70,8,44790.97957253772,2,1,0,135504.52051024593,1
520,194476,Jones,485,Spain,Male,52,4,222785.02294837736,4,0,0,31561.225611104725,0
521,333841,Brown,817,France,Male,68,8,115088.84328370672,4,0,1,143370.00962522542,1
522,903451,Brown,352,Germany,Female,54,6,177417.8358761311,2,0,0,88705.94984257087,1
523,970045,Williams,493,Germany,Female,74,6,245927.89580228794,4,0,0,71032.1392289672,1
524,322866,Johnson,379,Germany,Female,25,5,12543.8375799935,4,0,0,140906.2121811192,1
525,186672,Brown,586,France,Female,37,1,24173.639946891784,3,1,0,32926.91917321161,0
526,698135,Williams,628,Spain,Male,70,8,180114.18536568905,4,1,1,99770.98738429045,0
527,444894,Jones,697,France,Female,29,5,70456.250823868,1,0,1,95871.90293992052,1
528,834994,Brown,464,Spain,Female,66,7,46075.349237524766,4,0,1,56318.44814536585,0
529,128251,Williams,453,Germany,Male,34,0,9840.469954932374,2,1,0,81466.49176202527,0
530,727769,Williams,467,Germany,Male,81,4,5461.677996550451,3,1,1,108271.68071325243,0
531,474710,Smith,354,Spain,Female,59,0,193621.40077994773,4,0,1,117255.7436258313,1
532,650233,Jones,817,Spain,Female,46,9,33608.3568423875,2,0,0,30086.023044789574,0
533,977284,Smith,709,France,Male,36,7,116930.15399278772,1,1,1,142422.41161092184,0
534,132217,Johnson,597,Germany,Female,28,7,151474.20379487076,4,0,0,49743.04468713749,0
535,108308,Smith,713,France,Female,67,0,107087.95014221156,3,1,1,58029.652106683105,0
536,368093,Smith,670,France,Female,88,8,6776.663084058277,4,0,1,61616.81348326179,0
537,283062,Brown,470,France,Female,75,1,195875.37564697722,2,1,1,34538.41638624424,0
538,494366,Williams,635,Germany,Male,51,8,2628.306135413372,3,1,1,44766.25483083899,0
539,844840,Jones,498,France,Male,37,0,190472.473594371,4,0,0,148361.99075329944,0
540,200235,Smith,433,France,Male,67,9,223326.12344703067,1,1,0,67826.00848527433,0
541,174740,Jones,803,France,Female,27,8,108209.98026429307,3,0,1,43836.13084068592,0
542,478496,Smith,755,France,Female,49,3,133885.61827444955,1,0,0,42838.951340954794,1
543,953049,Johnson,815,France,Female,69,8,119245.84815441344,2,0,1,116335.19612039662,0
544,850201,Smith,805,France,Female,32,6,97302.1546558597,4,0,1,132548.2396839169,1
545,903328,Brown,580,Germany,Female,20,5,221856.13384259006,1,1,1,60834.275941016385,0
546,277247,Williams,637,France,Male,54,4,223483.3776674976,2,0,1,32509.141480228198,1
547,763165,Johnson,510,Spain,Female,57,8,83954.09116038363,4,0,1,56770.8022134427,1
548,629525,Smith,621,France,Female,89,1,153767.4385036745,2,0,1,36781.88289561088,0
549,120056,Jones,809,France,Male,57,1,231726.89053646603,1,0,0,42407.392395604984,1
550,276615,Johnson,387,Germany,Female,73,8,240514.6247353379,2,1,0,81780.97438171708,1
551,287628,Johnson,849,Germany,Male,40,2,127239.76010551189,3,0,1,57590.204503395915,1
552,738836,Smith,575,Spain,Male,28,7,113206.2013210817,4,1,0,91913.50542305081,0
553,473632,Johnson,491,Spain,Male,81,8,69673.57898213144,2,1,1,60419.25039086284,1
554,234415,Jones,641,Germany,Male,25,7,239717.9682976025,1,1,0,142864.4761323537,1
555,506716,Johnson,830,Germany,Male,73,3,35703.57611821684,4,0,0,138713.27615115175,0
556,546438,Jones,500,France,Female,77,0,144957.39401193126,3,0,0,98016.73260125592,1
557,653663,Smith,463,Germany,Male,27,3,70637.56687965972,4,0,1,72530.87903848634,1
558,765022,Williams,586,Spain,Male,56,8,69752.07258694916,3,0,0,75737.62584416827,1
559,641252,Johnson,415,France,Female,45,1,101242.14684404712,4,1,1,79422.27397733963,0
560,737717,Williams,710,Spain,Female,66,2,249698.23395391364,2,1,1,117309.51865619328,1
561,352764,Jones,690,France,Male,53,9,13741.576709955516,2,0,1,84196.67946226055,0
562,814998,Johnson,607,Germany,Female,30,7,144635.45455088286,1,0,0,132807.59358070767,1
563,566882,Brown,824,Spain,Female,53,5,20643.039508819293,3,0,0,143291.37431164374,1
564,840427,Williams,598,France,Male,43,7,38630.207497629744,1,0,0,70313.53840547206,1
565,612153,Johnson,806,France,Male,21,6,109890.73544322466,2,0,1,97283.33776508161,1
566,167215,Williams,798,Germany,Female,81,4,127615.03283661032,3,0,1,41406.78441990773,0
567,955474,Johnson,680,Germany,Male,55,8,64698.102091131,1,0,0,54056.28573196308,1
568,244356,Smith,672,Germany,Male,39,3,79114.28271860405,1,1,1,79615.89200521921,0
569,303861,Williams,529,Spain,Female,19,5,21741.755063983266,1,1,0,54744.32590821346,1
570,455612,Brown,539,France,Male,48,1,75804.94596106264,1,1,0,135187.2588946461,0
571,554605,Brown,756,Germany,Male,28,1,241639.60984513603,1,1,0,48994.35072709177,1
572,109435,Jones,503,Spain,Male,63,1,236176.8454181204,3,0,0,84679.29858637103,1
573,547556,Johnson,545,Spain,Male,79,9,83719.57253424625,1,0,1,102683.90885518507,0
574,799438,Williams,815,Spain,Male,86,6,142713.4840696904,3,0,0,113023.66897930134,0
575,965264,Jones,660,Germany,Female,81,1,227398.84777773608,1,0,0,75968.32436718082,0
576,675581,Williams,611,Germany,Female,27,1,1545.9556602241687,2,0,0,134291.88824696743,0
577,178781,Johnson,768,France,Male,57,8,202670.89258439795,2,1,0,98198.29812935107,1
578,291475,Brown,755,France,Female,41,6,237092.38819722974,1,0,0,82740.93365370622,0
579,260196,Smith,776,Germany,Male,61,2,22831.433583389266,4,1,0,38068.876086244396,0
580,326507,Brown,492,Spain,Male,77,2,40361.92150823026,2,0,0,85762.7362134198,0
581,406063,Jones,691,Spain,Male,79,6,240186.57569283884,3,1,1,128488.30089788763,1
582,864121,Smith,665,Spain,Male,34,4,134385.0359100866,1,0,1,103744.92218655786,1
583,876665,Jones,450,France,Male,82,9,3549.158617930925,3,1,1,129859.4944474942,1
584,790607,Johnson,593,Spain,Female,74,5,64407.99969088229,4,0,1,89281.40047191668,1
585,221172,Smith,839,France,Female,72,7,112485.9185672149,1,0,0,44215.40461133782,0
586,456902,Jones,361,France,Male,70,8,173227.22775619192,2,0,1,31636.78150030573,1
587,584963,Johnson,588,Spain,Female,73,0,183290.0945341999,3,0,1,66386.34560623094,0
588,555968,Brown,398,Spain,Male,26,2,248855.37823136404,2,1,1,113758.8565797351,1
589,418717,Johnson,391,Germany,Female,39,6,71877.79984593975,2,0,0,124831.18847300325,0
590,159101,Williams,515,Germany,Male,30,5,134555.0254671188,1,1,1,65490.34015443953,0
591,595972,Johnson,431,Spain,Female,65,6,133330.88696490126,3,0,1,89478.47050598965,0
592,388790,Johnson,778,France,Male,35,7,101411.31486180937,4,1,0,80534.2685320898,0
593,990617,Williams,640,France,Male,57,5,42290.47346060505,2,0,1,79262.73412217134,0
594,647337,Jones,507,France,Female,34,2,244364.14079596064,1,0,0,57761.845584018054,1
595,834965,Jones,565,France,Female,32,1,213329.29666664652,1,1,1,46364.532603535,0
596,460260,Johnson,839,France,Male,32,6,124583.2570735593,4,0,0,53602.62698774558,0
597,983811,Williams,507,Germany,Female,80,0,150811.35567100745,1,0,1,36639.886459601534,0
598,692673,Williams,811,Spain,Male,56,2,56815.26338991558,2,1,1,53775.689018829245,0
599,750419,Brown,483,Germany,Female,30,3,135946.76759793673,1,0,1,31104.107715045535,1
600,533374,Jones,416,France,Female,49,0,173742.53328036895,3,1,0,105271.00807631739,1
601,820777,Smith,685,France,Male,26,4,128791.7570966472,3,0,1,67965.04888652195,0
602,647577,Jones,356,France,Female,57,9,247571.29264623532,2,1,0,146777.36537122904,0
603,472370,Jones,785,France,Female,37,2,152835.41406193154,3,1,0,53246.046093155746,0
604,987225,Brown,363,Spain,Male,80,1,92743.42814804227,4,1,0,71499.42843715128,0
605,371967,Smith,422,France,Female,61,2,193038.00690395953,1,1,0,72940.93903698398,1
606,291232,Brown,748,Spain,Male,55,7,42615.627895410515,2,0,1,31014.179527495264,1
607,404119,Smith,754,France,Male,77,5,96128.95342656663,4,0,1,130704.95436473508,0
608,109540,Johnson,512,Spain,Male,88,6,86739.73759439646,1,1,1,33839.33521731896,0
609,640652,Smith,415,Germany,Male,65,5,107951.77377694432,4,0,0,142821.58016750898,0
610,497827,Brown,696,France,Male,35,5,195444.9564821816,2,0,1,137048.9221312345,0
611,651951,Jones,479,Spain,Female,33,2,121043.25804085187,2,0,0,94262.62993031563,0
612,151991,Smith,768,Germany,Male,72,7,198503.6125664907,4,1,0,95231.46898935505,1
613,288751,Smith,815,France,Male,56,6,144122.22578496646,1,0,0,108453.35075473876,1
614,466326,Williams,555,France,Female,85,6,85517.35866438884,3,0,1,76446.00143218643,0
615,786337,Jones,625,France,Female,76,5,202494.6859208681,3,1,1,107666.67400774265,1
616,718992,Johnson,815,Spain,Female,79,4,59572.4176382729,4,0,0,35372.206642618425,1
617,149115,Brown,605,Spain,Male,30,9,56095.74494994887,2,1,1,36485.71528196719,1
618,453151,Johnson,615,Germany,Male,23,7,126125.73101370894,1,1,1,84867.65035434533,0
619,843583,Jones,374,Spain,Male,77,4,65212.31149052223,1,1,0,95954.6761327242,1
620,291962,Smith,799,Spain,Female,31,8,2271.7587378040803,2,0,0,136538.1168402983,1
621,821747,Smith,630,France,Male,71,8,162074.3818247004,3,0,1,42559.276068947554,0
622,249143,Jones,602,France,Female,21,0,127773.4553680995,1,1,0,128717.75126326672,1
623,814635,Smith,659,France,Male,56,5,111379.4536232903,4,1,0,55205.68047504835,0
624,636226,Smith,638,France,Female,89,6,241742.12865457885,3,1,1,77290.03782120382,1
625,453824,Smith,513,France,Male,42,2,142799.79599072842,4,1,1,67992.29217928955,0
626,104000,Brown,444,France,Male,49,6,215857.89444734613,3,1,0,78018.63274384788,0
627,825948,Brown,619,France,Male,76,6,34862.559051290045,2,1,1,48059.459768710265,1
628,987474,Williams,670,Germany,Female,80,1,142301.6157823569,4,0,0,90428.4089284266,1
629,455754,Johnson,459,Germany,Female,55,6,216994.90668272573,4,1,0,126197.11077976407,0
630,351492,Jones,685,Germany,Male,70,0,145776.4393199745,2,1,1,82984.08124546763,0
631,990123,Jones,659,Germany,Male,84,4,179503.54453175038,4,1,0,88873.6291077839,1
632,599522,Jones,587,France,Male,45,8,93010.89195305185,3,0,0,131852.1102337577,1
633,591072,Williams,730,Germany,Female,20,6,23112.37925926665,1,0,0,114726.9737565637,1
634,138304,Brown,785,France,Male,39,6,114475.07378176786,1,0,1,88854.52902237416,1
635,604999,Williams,736,Germany,Male,55,1,98619.84770971438,2,0,1,60923.477782701564,0
636,431593,Jones,832,Spain,Male,89,7,216765.04559473685,3,1,1,136191.209621396,0
637,707274,Johnson,774,Germany,Male,89,2,60998.82558811806,4,0,0,99242.448202867,0
638,251836,Smith,739,Germany,Female,79,7,241683.55688377703,4,1,0,56537.713213283205,1
639,208940,Brown,374,France,Female,74,2,239534.52995112404,1,1,1,62294.37031656124,1
640,924926,Brown,490,Germany,Male,23,9,61907.91076785968,4,1,1,126375.9706723495,0
641,365517,Williams,466,Spain,Male,49,6,87012.98886933012,1,1,1,35297.46745049465,0
642,767521,Brown,831,France,Female,27,1,223888.93521847125,2,1,0,149051.06244345842,0
643,721820,Jones,741,France,Female,20,3,241655.55522402687,4,1,1,45642.201565775016,0
644,979090,Jones,754,Germany,Male,76,5,110859.77570901101,3,0,0,125528.22304763249,0
645,485777,Williams,831,France,Female,66,8,80249.26141022446,4,0,1,77373.03801260194,0
646,724674,Jones,801,France,Female,76,4,131523.5033128855,1,0,0,89065.94199449602,1
647,651638,Johnson,374,France,Male,48,8,171942.3015914337,2,0,0,135678.06929574936,0
648,717296,Williams,428,France,Female,86,4,68368.62884374495,1,0,1,79549.34275070559,0
649,980729,Johnson,417,France,Female,79,9,184118.2936547682,4,1,0,94499.25044078814,0
650,649639,Smith,522,France,Male,69,7,12914.339278660258,1,0,1,35915.959489100394,0
651,712956,Johnson,793,Spain,Male,58,0,12323.62319110411,1,0,0,30281.696864094378,0
652,738873,Smith,361,Germany,Female,48,6,96571.92628638631,2,0,0,59375.98476020711,0
653,437497,Smith,637,Spain,Male,39,3,88368.29801518015,3,1,1,111669.97115025208,0
654,307869,Johnson,477,France,Female,21,4,78908.30384178807,4,1,0,44551.787203096406,1
655,165953,Williams,445,France,Male,30,5,122754.9406672275,2,1,1,43651.43505654593,0
656,943890,Jones,441,Germany,Female,62,4,80183.3955778928,3,0,1,79315.27296430839,1
657,600328,Jones,490,Spain,Male,59,0,48064.47961702298,1,0,1,107740.44463298719,1
658,906790,Smith,380,Germany,Female,66,8,77367.38727215023,3,0,0,115448.63906975166,1
659,103267,Smith,683,Spain,Female,37,1,243726.06820255873,1,0,0,51414.08089180497,0
660,182745,Williams,369,France,Female,71,8,102778.35424871214,1,0,0,39550.57768464509,0
661,976020,Brown,495,Germany,Male,53,9,111178.19421458394,2,1,1,142847.64407346532,0
662,924945,Johnson,826,Germany,Male,18,1,144136.247487785,1,0,1,61279.965907452206,0
663,257164,Smith,665,France,Female,32,8,245835.19210355665,2,1,0,132401.57971304684,0
664,635626,Jones,796,Germany,Female,34,5,60400.319108940756,3,0,0,133618.9740555382,0
665,231484,Williams,739,Spain,Male,41,8,170320.52763310846,3,1,1,122702.71101150534,0
666,631831,Johnson,509,Spain,Male,75,5,178996.17338543103,1,1,0,50260.03279830841,0
667,992323,Williams,698,Spain,Male,89,5,151831.1041982665,2,1,1,128616.17511050405,0
668,160692,Johnson,392,Spain,Male,40,1,22144.584909161018,1,1,0,122310.0671089904,0
669,320156,Johnson,603,France,Male,63,7,169218.06895689413,2,0,1,101606.75881274605,1
670,323992,Smith,479,Germany,Male,89,2,16023.677759043869,2,0,0,70464.24422027433,0
671,616771,Williams,409,Spain,Female,25,6,149035.66238747424,2,0,0,61501.03251198529,0
672,930857,Williams,500,France,Male,76,4,184895.29430543567,3,1,1,44626.70544964308,0
673,663044,Jones,816,Germany,Female,76,2,52742.47265498761,2,0,1,91170.84802810458,1
674,643176,Jones,636,Germany,Male,30,0,210405.50188569352,3,0,1,100231.30506118159,0
675,791095,Smith,848,France,Male,56,7,7588.451383251066,2,0,0,73120.67886189447,0
676,933727,Smith,354,France,Female,45,2,210953.21591457652,3,0,1,87043.08812170423,1
677,214352,Brown,816,Spain,Female,78,1,115082.26266069127,4,1,1,73621.734884312,0
678,969474,Jones,767,Germany,Male,33,0,54396.984982911126,3,1,0,106920.72687848416,1
679,185999,Johnson,615,Germany,Female,19,3,33444.536248492004,3,0,1,138151.10493558762,1
680,117955,Williams,694,France,Female,34,7,238326.79189559314,1,0,1,49670.43144563338,1
681,924273,Smith,479,Germany,Female,47,2,18166.396895289177,2,0,1,75769.0571883748,1
682,170640,Williams,731,Spain,Female,30,0,49773.354983981415,4,1,0,46904.23247410336,0
683,296582,Williams,616,Germany,Male,30,3,86955.5868582615,1,1,0,104993.25244893983,1
684,844086,Brown,527,France,Female,60,8,155058.71224028012,2,1,0,117464.4611386315,1
685,500573,Jones,602,France,Male,38,0,136200.27131902458,4,0,1,141829.52791169472,0
686,525695,Smith,764,Spain,Male,72,1,31410.873103078495,4,1,0,63464.63115131579,0
687,161476,Williams,405,Spain,Male,57,8,72431.99593455366,4,1,1,144025.34470385162,0
688,406955,Smith,812,Germany,Male,32,1,59687.94277150602,2,1,1,37591.52061848098,1
689,267280,Johnson,806,Germany,Female,69,2,53385.71362258535,4,1,1,102361.66360375058,0
690,775510,Brown,820,France,Female,70,6,102786.08411999677,4,1,0,36855.9263211996,1
691,695468,Johnson,432,Spain,Male,69,2,176007.86314791424,1,0,0,137252.90253143338,1
692,798646,Smith,742,Spain,Male,47,8,54363.233054308985,3,0,1,93577.0868484065,0
693,737144,Smith,448,Spain,Male,50,5,91669.71992574535,2,0,1,110321.80209153553,0
694,954882,Jones,498,Germany,Male,74,2,97729.35671029057,3,0,0,129788.87110925431,0
695,514568,Williams,678,Spain,Female,69,8,244114.13235885254,1,1,0,48037.274698076246,0
696,286141,Williams,505,France,Male,26,0,238666.58921976722,3,0,0,34630.98743257606,0
697,998320,Johnson,539,France,Female,71,9,200034.39568801897,4,0,1,135465.73750954226,0
698,734736,Brown,843,Germany,Male,18,2,60414.73020479629,4,0,0,67791.9872950719,1
699,638685,Williams,720,Germany,Male,61,0,17009.32852291742,2,1,0,45477.468951259834,1
700,278031,Jones,612,Spain,Male,26,1,79226.03443015619,2,0,0,86215.34845045039,0
701,219180,Johnson,429,Germany,Male,49,7,66698.63735845771,2,1,1,101796.72908352225,1
702,166234,Johnson,749,France,Female,32,6,126481.45003659847,1,1,0,33716.472410701215,1
703,664242,Jones,601,Spain,Female,29,1,194431.97751694827,2,1,1,62987.478990850526,1
704,278352,Brown,446,France,Female,74,1,214580.7347197145,1,0,1,33935.98491322752,1
705,179459,Jones,609,Spain,Male,25,8,211216.02135262714,4,1,1,80440.24670345988,1
706,509995,Brown,609,Germany,Male,89,5,89918.89030576694,3,0,0,137412.00348794932,1
707,295004,Jones,452,Spain,Female,44,4,171808.58586517072,4,0,0,147918.2893792283,0
708,566152,Jones,389,Spain,Female,79,9,78208.54938105501,4,0,0,106445.70642043531,0
709,825256,Smith,622,France,Male,29,5,15226.385808795678,4,1,1,49396.52325415102,0
710,159163,Johnson,450,France,Male,82,8,175391.31640073558,2,1,0,138701.9267999167,1
711,575853,Jones,708,Spain,Female,59,6,2456.8881424469614,2,0,1,91949.73878400726,0
712,151934,Jones,729,Germany,Male,79,9,102295.64686462215,2,1,0,48449.91745235017,0
713,820255,Williams,657,Germany,Male,28,9,82344.81732551893,3,1,0,140607.20033419935,0
714,525523,Johnson,570,France,Female,60,8,173344.3846297131,2,1,0,120896.28608677236,1
715,940530,Williams,657,Germany,Male,34,3,191561.36819009474,1,0,0,117804.63272677819,0
716,554137,Johnson,769,France,Female,49,1,76023.65899282096,4,1,1,115101.68445532856,1
717,105486,Williams,473,Germany,Male,57,7,202906.75361121338,3,1,1,54040.77853157308,0
718,239407,Jones,771,Spain,Female,40,3,73479.19012623344,3,0,1,55320.80300490312,0
719,973332,Jones,580,France,Male,73,8,111581.58999664031,3,1,1,112595.1598112706,0
720,750308,Smith,527,France,Female,23,3,181754.6317535335,3,0,0,56366.73001324762,1
721,727083,Williams,412,Spain,Female,67,7,173230.05730619715,3,1,1,82640.60361636587,1
722,320184,Brown,834,France,Female,54,8,246842.11807805,1,1,1,123840.21907127296,1
723,766490,Smith,465,Germany,Female,81,8,56290.256053982965,4,1,1,124074.30217174091,1
724,449652,Williams,540,Germany,Male,71,9,165579.4783848956,3,1,0,84391.41270310315,1
725,861315,Williams,411,France,Male,89,3,152420.47706894434,4,1,1,125062.79259302942,0
726,742612,Smith,605,Germany,Female,66,0,228774.6136225075,2,1,1,130634.6155437668,0
727,422710,Jones,832,France,Male,28,2,39090.53541121876,3,0,0,108573.09015411123,1
728,297775,Williams,356,Spain,Male,66,8,187949.54089673323,3,1,0,57411.10227701042,1
729,389336,Jones,504,France,Male,38,3,142067.15406719208,4,1,1,62881.413646265704,0
730,887494,Smith,441,Spain,Male,83,4,68666.46744697636,3,1,1,67780.93864904824,1
731,708364,Jones,819,Germany,Male,80,6,118608.72853679353,3,0,0,44016.492928074236,0
732,189780,Johnson,363,Spain,Female,45,4,83444.14926744945,3,0,1,62779.15444439342,1
733,252617,Brown,804,Germany,Female,34,3,144828.3506971152,1,0,0,55142.306917503854,0
734,645977,Williams,578,France,Female,23,1,222250.15270366648,1,1,1,84639.44997703226,1
735,897606,Brown,435,Germany,Female,36,1,142326.2461030505,3,1,1,139012.5057446718,1
736,450605,Jones,482,France,Male,73,3,157930.604581646,1,0,1,42537.63801047497,0
737,989465,Williams,532,France,Male,45,9,129686.96177867736,2,0,1,116432.15087368747,0
738,633636,Jones,735,Spain,Female,83,9,12791.376611368976,3,0,1,112473.96052957533,1
739,138102,Johnson,411,Spain,Male,55,8,58214.639219023564,2,1,0,41490.50383960292,1
740,174460,Smith,568,Spain,Male,54,7,123000.43235802068,4,0,0,140708.688588696,0
741,464778,Williams,754,Spain,Female,85,2,77558.8209361762,2,1,1,98216.66425881835,1
742,189930,Johnson,595,Germany,Male,66,8,45440.899440298555,4,1,1,73647.06253628212,0
743,631089,Johnson,579,Germany,Female,60,4,126033.21047960958,3,1,1,120784.6300194368,0
744,727438,Williams,428,Germany,Female,53,2,80702.44836196258,4,0,0,60883.855008196086,1
745,827627,Jones,498,France,Male,75,4,64526.91079335368,4,1,0,113221.18044555845,0
746,279208,Johnson,487,Germany,Male,30,9,115996.3543600952,2,0,0,34765.344908669664,0
747,254697,Brown,820,Germany,Female,69,3,33321.06452054329,2,0,0,130728.96451311263,1
748,313945,Johnson,663,Germany,Female,75,7,231936.43326885183,2,0,0,83780.50164255823,0
749,331915,Jones,725,Spain,Male,49,4,216925.52447980977,3,0,0,106403.149722953,0
750,827952,Jones,772,Germany,Female,77,9,176905.14643513382,3,1,0,56548.53837680204,0
751,308124,Brown,738,France,Female,75,7,26553.456897114054,2,1,0,111248.84551901376,0
752,537477,Johnson,414,Spain,Female,73,8,193969.31361742326,3,1,1,122668.83310719319,1
753,625830,Jones,362,France,Male,45,3,201989.33202725474,3,1,0,86785.58242612785,0
754,383821,Williams,562,Germany,Female,18,6,191941.1544285844,4,0,0,104127.23088741531,1
755,277804,Smith,823,Spain,Male,59,1,28491.47177981029,4,0,0,84759.11085868783,0
756,805703,Smith,591,France,Female,65,5,160976.98926694118,2,0,0,137290.96431094146,1
757,139081,Smith,842,Germany,Male,57,7,208581.19893734963,3,0,1,89744.3016617183,0
758,818216,Johnson,562,France,Female,80,6,144338.35030491694,4,1,0,131017.04508345826,1
759,455249,Brown,530,France,Male,89,6,161601.84380702226,1,0,1,126162.24699242983,0
760,319930,Jones,687,France,Male,21,7,114590.86985657654,3,1,1,79260.57856180277,0
761,905497,Williams,834,Germany,Male,55,6,132176.82997101315,1,0,1,57610.139022897005,0
762,617313,Williams,522,Germany,Female,44,4,8594.214587931303,2,0,0,78729.85590717252,0
763,314532,Johnson,509,France,Female,26,6,159740.75549332114,3,0,0,129146.08509302641,1
764,712380,Smith,513,Spain,Female,33,9,20361.803222789797,2,0,0,57315.90429832708,1
765,619332,Johnson,814,Spain,Male,73,2,108753.64858505584,2,1,1,92932.36150292991,0
766,416837,Brown,832,Germany,Female,48,4,73163.77441685196,2,1,1,126731.6097552897,1
767,389106,Brown,846,Germany,Male,31,6,136356.98755292827,2,1,1,72417.29701540546,0
768,128295,Jones,537,Germany,Female,42,8,33354.08388080177,2,1,1,107065.15644032368,0
769,113807,Jones,744,Germany,Male,51,1,172910.85049332955,3,0,0,59475.78888585774,1
770,535564,Brown,540,Germany,Male,84,3,198752.8842321176,1,0,0,43113.53344417919,1
771,257504,Brown,754,Spain,Male,41,6,40838.612435789124,3,1,0,125326.10701114275,1
772,338067,Brown,657,Germany,Female,43,0,26078.27183797054,3,1,1,41876.23480904482,0
773,585008,Johnson,605,France,Female,37,1,36378.87069683979,3,0,1,62565.76740955015,0
774,792440,Brown,532,France,Female,81,8,219281.89047462543,4,0,0,132613.13063969283,1
775,494540,Williams,466,Spain,Male,27,9,132047.31543908906,4,1,0,71576.31444944006,0
776,977699,Smith,631,France,Male,84,6,116815.24900187565,3,1,1,146765.44194169933,1
777,617923,Brown,545,Spain,Female,41,9,26677.95477558857,1,1,0,147568.1201728632,1
778,266981,Smith,383,Spain,Female,22,6,162389.00168924045,3,0,0,62193.122454426804,1
779,844699,Johnson,401,France,Female,84,5,216999.8979737725,2,1,1,34917.38666998685,1
780,119870,Smith,461,Germany,Male,75,2,207046.46733086323,4,1,1,114607.5941046455,1
781,303196,Johnson,601,France,Male,44,9,156513.67724520032,4,1,1,84118.38031780125,1
782,348683,Williams,431,France,Male,32,2,18819.679162918408,3,1,0,42090.341275149156,0
783,334677,Johnson,581,Spain,Male,52,1,28099.256794003242,3,1,1,114902.73827736513,0
784,126790,Johnson,576,France,Male,70,5,12327.246777456168,1,0,0,33740.989093430544,1
785,743162,Jones,582,Spain,Female,61,3,64369.80412311733,1,1,0,134423.60285906907,1
786,911721,Brown,570,Germany,Male,43,4,33915.366790094435,2,0,1,46638.303493596446,1
787,548345,Brown,785,Germany,Male,64,2,65012.01006310847,3,1,0,45277.425449607,0
788,849074,Williams,762,Germany,Male,51,5,96264.51392974042,3,1,1,51080.67575623014,1
789,587462,Williams,771,France,Male,67,2,235745.69601778392,3,1,1,145231.96301904798,1
790,639773,Brown,391,Spain,Male,29,7,152594.01494542303,4,0,0,113180.32323046152,1
791,930914,Jones,370,Germany,Female,21,8,208743.44642074057,2,0,0,126164.58425563641,0
792,186188,Brown,391,Spain,Male,65,3,177587.87517808305,1,0,1,77716.19828793037,1
793,629036,Jones,746,Spain,Male,72,8,28125.782631657938,4,1,1,70357.52730059467,0
794,842129,Williams,462,Germany,Male,18,6,183980.1015934872,4,1,1,58138.08081398039,0
795,764795,Smith,454,Germany,Female,83,2,68774.72038978111,4,0,1,87677.76339748906,1
796,890141,Williams,541,Spain,Female,47,6,159776.96174867658,4,0,1,96219.44802410022,0
797,748249,Williams,366,Germany,Female,20,0,85240.49341074713,2,1,1,105812.98123833064,0
798,130355,Johnson,469,Spain,Male,38,2,249418.0658161648,3,0,0,60854.22047984334,0
799,811131,Johnson,742,Spain,Female,66,5,65887.86987419445,1,1,0,143838.4897083589,1
800,551015,Johnson,774,Germany,Male,79,3,69782.61769356742,1,0,0,50371.0197848563,0
801,506332,Johnson,478,France,Male,55,6,232668.0638905996,4,0,0,145878.38097196948,1
802,256542,Jones,479,Germany,Female,32,2,6161.1011590806675,4,0,1,31782.734700900455,1
803,273416,Brown,409,France,Male,69,0,174172.2469682992,2,1,0,87735.08301802148,1
804,405062,Smith,397,Spain,Male,63,8,181331.59768396954,4,1,0,70004.14057398753,0
805,938656,Williams,378,Spain,Male,42,5,209094.64435259983,1,0,1,83894.8096716301,1
806,663586,Jones,446,France,Female,38,7,243609.82765961884,1,1,0,98479.74947769468,0
807,601708,Smith,359,Spain,Male,22,2,243900.4797891631,3,1,1,82270.69896152508,0
808,966651,Jones,591,France,Male,87,7,16319.189391615973,3,1,1,79781.6220361914,0
809,161629,Jones,663,France,Female,64,1,205459.83068822563,1,1,1,117926.80984959679,0
810,428184,Williams,793,Spain,Male,85,3,161577.48341434533,1,0,1,112305.15301037575,1
811,592734,Brown,581,France,Male,35,2,161835.5335932728,2,1,1,129992.55384430174,1
812,855195,Johnson,626,Germany,Female,38,9,32087.481653673698,2,1,0,59995.077748739466,0
813,390160,Brown,633,Germany,Male,40,0,162546.79161141333,1,0,0,103143.42117048764,1
814,648248,Williams,552,Spain,Male,81,6,245620.64515031196,4,1,0,100223.37424714246,1
815,920023,Williams,596,Spain,Male,84,9,227954.64238486174,3,1,1,74368.53730472265,1
816,313920,Williams,639,France,Male,57,1,109782.66520121263,1,1,0,88326.90502832171,0
817,989765,Smith,613,France,Male,27,3,9986.993321523585,4,0,0,67653.85719668746,1
818,342804,Brown,792,France,Female,69,8,90573.3725000512,1,0,0,47021.32771403823,0
819,476965,Brown,563,France,Female,89,5,206597.5779001388,3,1,0,55656.14527952794,1
820,560857,Jones,549,Germany,Female,78,7,175374.77536629152,3,1,1,42661.63756814413,0
821,922827,Jones,782,Germany,Female,81,1,114835.9138984891,2,0,0,111968.34902281489,0
822,604492,Jones,428,Spain,Male,22,6,13775.383789707774,2,0,1,109287.28717309819,0
823,753983,Williams,750,France,Male,70,5,106723.68195582565,2,0,1,144072.76458958472,1
824,515916,Brown,793,France,Male,72,8,117256.23492947087,2,1,0,117561.40963766896,0
825,921052,Williams,692,Spain,Male,54,6,232138.88322353398,3,1,1,36245.500650735776,1
826,858574,Smith,693,France,Male,73,0,160271.52589553987,4,0,1,136109.4208714745,0
827,228148,Jones,522,France,Female,76,7,77913.22916366222,4,1,1,133521.01955348707,1
828,906991,Williams,816,France,Female,86,9,131329.56611268033,4,1,1,83198.43849272384,0
829,586261,Williams,418,France,Male,76,2,16513.82695554002,1,1,1,100303.56606335059,1
830,455540,Smith,765,France,Male,19,1,243142.0589124342,2,1,1,147129.39989670226,0
831,292714,Johnson,777,Spain,Male,82,2,90014.9754826815,2,1,1,93876.52366177995,0
832,831899,Brown,798,France,Female,77,5,119466.83872828395,3,1,0,138638.61940513077,0
833,383876,Johnson,436,Spain,Male,68,2,88820.99355923064,3,1,0,39964.65093722237,1
834,359747,Jones,450,France,Male,47,9,170627.93252905004,1,0,1,52926.22424504194,0
835,715650,Williams,357,Germany,Male,28,4,165558.03958239825,1,0,1,82890.59321295813,0
836,523570,Smith,682,Germany,Female,56,5,178830.5776322839,4,0,0,100170.81700047657,0
837,375987,Smith,549,Germany,Male,89,7,67035.80740298021,3,0,0,127947.34222353603,0
838,738353,Brown,436,Germany,Female,80,6,78917.1202910165,2,0,0,148591.45381718242,1
839,958158,Johnson,392,Spain,Female,81,7,31312.807774051988,4,0,0,76662.17957689398,0
840,117640,Brown,734,Spain,Female,78,2,163877.49296152816,2,0,1,35689.87633681019,0
841,152528,Williams,458,France,Female,71,3,9949.281833913137,4,0,1,126140.58039543898,1
842,924845,Brown,784,Germany,Female,75,5,149420.58388086475,2,0,0,102525.68628993697,1
843,359214,Smith,757,Spain,Female,73,6,217423.97121290845,1,1,0,53825.1430641842,1
844,939070,Smith,832,France,Male,51,8,222708.0370724084,4,1,0,89379.41479457042,0
845,601108,Jones,501,France,Male,48,0,112259.44009249042,2,0,0,119077.22946404692,1
846,734421,Jones,366,Spain,Male,69,7,114825.92205326844,2,1,1,122449.41444823725,1
847,468501,Williams,482,Germany,Female,18,7,19242.295752004342,3,1,0,89954.20943985143,1
848,824226,Johnson,497,France,Male,72,5,167691.25636075894,4,0,0,66625.74361546309,0
849,250159,Brown,626,Germany,Female,39,3,205314.85509321137,2,0,0,146849.10984461923,0
850,272502,Williams,581,Germany,Female,57,2,61163.76365117826,3,0,1,109603.51331477913,0
851,255576,Jones,663,Germany,Female,18,2,105325.22040834116,2,1,1,78988.50232155585,1
852,965291,Brown,764,France,Male,82,5,209709.83419131758,4,1,1,63655.58690455829,0
853,986089,Jones,715,Germany,Female,80,7,219280.116915572,1,0,0,117732.35796042746,1
854,111023,Brown,577,France,Female,71,6,60794.99506605649,4,1,0,59062.013471252125,1
855,645735,Johnson,488,Germany,Male,59,0,137642.65863534107,4,1,0,50605.198676842585,1
856,488043,Williams,785,France,Male,38,5,48123.28765895677,2,1,1,93580.06667544844,0
857,386103,Brown,748,Germany,Female,39,6,25469.691034889136,2,0,1,64798.48711729702,1
858,166203,Smith,560,Spain,Female,55,6,227780.12534798938,4,1,0,105468.61739083381,1
859,260775,Smith,740,Germany,Male,25,8,205126.8760580273,3,1,0,44152.640984908016,0
860,109337,Brown,848,Germany,Male,79,9,190008.72545079348,3,1,1,108592.93254807859,1
861,670715,Brown,377,France,Male,64,4,12191.579703285104,3,1,0,63995.58335972427,1
862,614723,Brown,400,France,Female,34,0,210932.19817756437,2,1,0,30029.152132141528,1
863,423673,Smith,840,Germany,Male,34,1,109511.01897634593,2,1,0,45232.32692090116,0
864,464167,Smith,791,Spain,Male,30,3,85598.78082396492,4,1,1,142033.8453402113,1
865,446809,Brown,610,Spain,Male,34,4,136619.09025634412,1,0,0,134082.55669384293,0
866,730075,Jones,610,France,Female,55,8,22838.310680888957,2,0,0,58033.083844348424,0
867,787281,Jones,699,Spain,Male,62,0,189161.6373380997,4,1,0,123404.62854545895,1
868,395451,Johnson,701,Germany,Male,23,2,145608.76922207396,4,0,0,103028.59118087692,1
869,520571,Williams,357,France,Male,52,4,46647.52421829188,1,1,1,146508.56537398434,1
870,227016,Jones,669,Germany,Male,31,2,47058.0499422614,3,1,1,74832.6791440871,1
871,891267,Smith,487,France,Male,89,3,46062.162893168555,4,1,1,111775.27350206055,0
872,644447,Jones,387,France,Female,78,2,14250.596887983496,4,0,0,37624.28669087023,0
873,597562,Johnson,460,France,Female,32,3,146949.6123429212,4,1,1,77549.68161796872,1
874,802965,Johnson,829,France,Female,71,0,210087.04439712703,3,1,0,145658.11934258166,0
875,483934,Williams,717,Spain,Male,44,7,4374.55349684715,3,0,1,94677.70493401447,1
876,992048,Jones,569,Germany,Female,30,3,12251.161242818387,1,0,0,64545.54040018135,1
877,965184,Smith,686,Germany,Female,48,6,143192.56917173645,2,1,1,44432.51557543282,1
878,417428,Smith,572,Germany,Female,52,1,204873.9213465131,3,0,1,114423.40082178365,1
879,419187,Brown,485,France,Male,77,1,81684.72264215839,2,0,1,107382.72521156722,0
880,790907,Smith,605,Spain,Male,23,5,87403.59970193054,2,1,0,74872.64563245296,0
881,983439,Williams,709,Germany,Female,86,1,149086.62437419398,3,1,0,144112.96222390013,1
882,182844,Williams,758,Spain,Female,75,5,68553.22228103675,4,1,0,32664.337558542036,1
883,651820,Smith,678,France,Male,66,1,6652.091519421033,1,0,1,66446.86219581909,0
884,265421,Smith,799,Germany,Male,40,3,183807.129525399,2,0,0,140528.3383559498,0
885,222402,Brown,812,Spain,Female,51,6,156412.4782353633,4,0,0,68512.25259833285,0
886,218012,Smith,783,France,Male,43,7,145188.9997639148,3,1,0,60270.340062620446,1
887,538661,Brown,800,Spain,Female,64,2,185421.0322479558,2,0,0,94106.44919174968,0
888,498929,Brown,398,Germany,Male,22,8,168807.70939050938,2,0,0,128856.20999046454,1
889,680466,Smith,641,Germany,Female,37,1,51470.49704458029,2,1,0,42377.61130540333,1
890,673695,Johnson,731,France,Female,23,7,88120.26173583779,4,1,1,143162.48515748832,0
891,563556,Johnson,673,France,Male,87,7,31527.53541965625,4,1,1,125408.74574173968,1
892,675278,Brown,427,France,Female,76,3,32464.253354470256,4,0,0,51750.030666186234,0
893,229473,Smith,454,Spain,Female,81,0,169048.9365891348,2,1,1,115440.95534377953,1
894,578007,Johnson,518,Spain,Female,35,0,214650.02674562455,2,0,1,76195.04671650685,1
895,944573,Smith,566,Spain,Male,21,1,240683.14596528476,1,0,0,78275.36136915824,1
896,517009,Smith,727,France,Male,34,8,157086.7793873611,1,1,0,123994.81109266396,1
897,418714,Smith,468,Germany,Male,31,1,46025.33084023924,4,1,1,145534.17695768786,1
898,326156,Jones,539,Germany,Female,30,1,26412.586362232676,4,1,0,45198.70474166327,1
899,268964,Smith,604,Spain,Male,24,5,203212.74288418944,3,1,1,80475.62842545833,0
900,625303,Jones,719,Spain,Female,61,6,144689.11908999982,4,1,1,87712.99297011642,0
901,161813,Brown,615,Germany,Female,32,6,154571.25525342996,1,0,1,75157.41803459972,1
902,127712,Johnson,498,Germany,Male,36,8,195365.5221886773,1,0,0,73582.694845947,0
903,724785,Johnson,513,Spain,Male,80,5,175819.3069331129,1,0,1,36272.24010739158,1
904,867214,Johnson,489,Spain,Female,52,7,208614.56321402415,2,1,0,112264.6344675148,0
905,212816,Johnson,696,Germany,Female,52,5,14053.47636496962,2,0,0,82345.73005440545,0
906,228778,Johnson,837,France,Male,36,1,186880.1591866262,4,1,0,53375.25631727121,1
907,686580,Johnson,607,Spain,Male,37,0,212713.18933052386,3,1,0,127924.02027624821,0
908,385977,Johnson,723,Germany,Male,52,4,71533.76061457858,3,0,0,126307.28977819535,1
909,235230,Brown,618,Germany,Female,49,8,160111.81849831322,3,0,1,88366.99537066725,0
910,818040,Smith,530,Germany,Female,65,7,78540.51595924303,2,1,0,65814.07933773127,1
911,906741,Williams,509,Germany,Female,61,3,239492.7666206135,1,0,0,106571.12709557428,0
912,369114,Jones,700,France,Female,41,4,8355.89310887594,1,1,0,64578.25629328837,1
913,434618,Williams,749,Germany,Female,78,4,144948.21095823875,2,0,0,58320.95163884544,0
914,932972,Williams,637,Spain,Male,34,5,41625.886762378774,3,0,0,117661.7584831592,1
915,251456,Smith,637,France,Male,88,2,178055.05129428967,3,0,1,34839.028766514086,0
916,904449,Smith,729,Germany,Female,67,4,43972.57085466552,4,0,0,41372.21652415128,1
917,962312,Smith,575,France,Female,82,1,58845.81547458939,4,0,0,30814.580882830774,0
918,205570,Johnson,360,Spain,Male,49,9,123592.70276143952,3,1,1,48353.18237705114,1
919,370846,Brown,359,Germany,Male,53,0,228708.7374992195,2,0,0,38278.80104525514,0
920,100404,Johnson,620,Spain,Male,30,0,52928.59303699271,3,0,1,149496.28413359023,1
921,803286,Brown,622,Germany,Male,87,9,36060.00527952588,4,0,1,64657.19639449075,1
922,374907,Brown,773,Germany,Female,75,6,189744.20796350765,3,1,1,47912.16152030967,1
923,773744,Williams,751,Germany,Male,31,1,125154.88308348274,2,1,1,58919.550959510154,1
924,815460,Williams,532,Germany,Female,54,3,227946.27809544286,1,1,0,142335.06858481615,0
925,984574,Brown,806,Germany,Male,85,4,36653.63928996057,2,1,0,92419.22676292749,0
926,765220,Brown,502,France,Male,57,6,161481.97325575983,2,1,1,73778.17155694283,0
927,335365,Johnson,837,Germany,Male,76,1,58219.78653795376,4,0,1,134806.97494910634,1
928,442786,Johnson,664,Germany,Female,33,5,39190.10716290983,2,0,0,77398.8324658839,1
929,150612,Williams,683,France,Female,79,0,170857.35378931763,2,0,1,70201.02839492349,1
930,910006,Smith,473,France,Male,21,6,148421.1549771833,4,1,1,54873.90270596827,1
931,909956,Brown,822,France,Female,62,8,188706.86459058282,4,1,1,75335.61886912938,1
932,300244,Johnson,463,France,Female,45,4,77365.6441115456,1,0,0,68002.12272203111,0
933,897348,Williams,627,France,Male,83,4,111992.91409554749,3,1,1,111276.47511577692,0
934,104809,Johnson,849,France,Male,48,3,101367.91908260463,2,1,0,64749.924560487256,0
935,263273,Brown,763,Germany,Female,20,2,246022.36599162855,4,1,0,99263.96957070737,1
936,808690,Brown,817,Germany,Female,25,8,73062.23918484697,1,0,0,37907.059803836724,1
937,244528,Jones,562,Spain,Female,41,4,73704.30958669171,3,0,1,52954.69880358172,1
938,606964,Smith,521,Germany,Male,32,7,88637.05220715185,4,1,1,78888.63259336185,1
939,549613,Jones,637,Germany,Male,60,8,141148.52032258039,3,1,0,142433.91046904345,1
940,138765,Williams,784,France,Female,48,4,63080.68606593631,3,1,0,75270.23828588345,1
941,931538,Johnson,523,France,Male,62,9,228822.4850948185,2,1,0,109688.89454398009,1
942,416076,Williams,462,Germany,Male,83,8,66421.39121656587,2,0,1,60610.46669056777,0
943,943523,Brown,725,Spain,Female,25,1,223953.93289004866,4,1,1,45244.02911678781,0
944,646237,Jones,754,France,Female,88,8,25868.765911646162,3,0,0,37024.39200960602,1
945,301152,Jones,832,Germany,Male,74,3,164140.67559991308,4,0,0,66649.61982513015,1
946,399888,Jones,471,Germany,Male,47,5,226746.3796095609,4,0,1,48919.32321562896,1
947,800903,Williams,381,Spain,Female,35,5,42187.359599557385,3,1,0,50881.2537619349,0
948,994751,Brown,571,Spain,Male,86,5,242081.74002481374,4,0,1,121291.11700643401,0
949,192193,Johnson,468,France,Male,56,1,113220.84010387793,3,0,1,31900.568513384907,1
950,136187,Johnson,388,Spain,Female,77,6,236428.7771102561,3,1,0,96937.21508825214,0
951,605950,Williams,846,Germany,Female,60,5,169205.01090751175,3,1,0,75535.36567121578,0
952,238311,Jones,617,Germany,Male,62,0,75396.71746838788,3,1,1,90785.99998902567,0
953,900921,Smith,582,Spain,Male,40,1,47075.6312292766,1,0,1,97539.62846575235,1
954,608153,Williams,780,Spain,Male,86,6,75933.76155627485,3,1,1,67604.12333487338,0
955,289089,Williams,367,Spain,Female,23,0,23254.352315668748,2,0,1,65413.06322211424,0
956,686165,Brown,498,Spain,Male,73,0,35966.99158583244,2,0,1,118008.22192018869,1
957,536341,Johnson,746,France,Male,21,0,26165.110086620287,2,1,0,134553.23857453885,1
958,412066,Williams,498,Spain,Female,40,7,105735.88593538944,3,0,1,53109.795895023344,0
959,718362,Williams,475,France,Female,23,3,198894.5940643966,2,0,1,41714.25126421788,1
960,787409,Jones,741,Germany,Male,49,3,35345.888554085046,1,0,1,137735.4967670431,0
961,661419,Jones,651,Spain,Female,35,1,32580.10829308397,4,0,0,71987.45563768785,0
962,740053,Smith,709,France,Female,32,0,160857.23737933268,3,1,0,96158.0868795377,1
963,960395,Brown,587,Spain,Male,57,9,49295.74549201657,2,0,1,73145.17734240042,1
964,731172,Smith,484,Germany,Female,23,8,24402.5095272479,1,1,1,45096.28036152616,0
965,225917,Jones,500,Germany,Female,80,6,41712.144551394405,4,0,0,100719.79739372736,1
966,910717,Johnson,585,Germany,Male,84,3,230932.84896919402,1,0,0,93016.90221235556,1
967,399770,Jones,573,Spain,Female,28,5,205367.81319404772,2,1,0,54359.22710294367,0
968,798168,Brown,552,Spain,Male,60,1,88516.14058877352,1,0,0,84224.28535827334,0
969,581680,Jones,605,France,Male,34,6,163955.1918318482,4,0,1,125633.7004818775,0
970,381342,Brown,435,Germany,Female,21,1,134318.91841700953,2,0,0,100851.13237294696,0
971,639542,Brown,499,Spain,Female,80,9,169281.06587064097,4,0,1,41630.07924803939,0
972,144238,Brown,584,Germany,Female,85,7,170667.78811568982,1,0,1,95762.5796674962,0
973,101252,Brown,694,Germany,Male,58,7,157183.50376499823,3,0,0,114328.59591475042,1
974,926196,Brown,371,France,Female,22,0,66525.34213432715,3,1,0,125124.40869369016,1
975,964141,Johnson,697,France,Male,49,7,9751.605190704531,3,1,0,105494.109436112,0
976,585450,Smith,634,France,Female,87,1,113891.6954975272,3,1,0,48318.97974489405,1
977,415826,Williams,618,France,Female,52,5,222743.47117267596,4,0,1,115220.79199081929,1
978,421638,Smith,815,Germany,Female,39,0,142374.31462964398,3,0,1,111281.02152978197,0
979,705605,Brown,607,France,Male,82,4,208097.76042547697,4,0,1,32931.22595287599,1
980,427359,Johnson,378,France,Female,39,6,247906.08574030703,2,1,0,79409.72011082918,1
981,702875,Jones,562,France,Female,28,9,40904.05103456906,3,0,1,69954.0296354848,0
982,106949,Johnson,812,France,Male,20,0,172944.40978549558,4,1,0,110329.4477104372,1
983,863185,Brown,785,Germany,Male,26,1,168573.39342500616,3,0,1,55936.29747731049,1
984,417537,Johnson,632,France,Female,77,6,244988.8618395696,3,0,0,100904.63075691102,0
985,828913,Johnson,399,Germany,Female,31,5,246400.1834882001,3,0,1,139584.7154177007,1
986,762301,Brown,444,Spain,Female,35,2,171669.65293103238,4,1,1,125736.28466503293,1
987,650222,Johnson,812,Germany,Male,40,9,60903.697995548566,1,0,0,140574.92834598364,1
988,880722,Williams,848,Germany,Male,64,1,199638.95953264975,3,1,1,147420.71603192278,0
989,555102,Williams,756,France,Male,86,9,26757.283552759527,3,0,1,31280.41524073953,0
990,437889,Johnson,437,Spain,Male,64,3,195174.82604290717,2,0,0,104728.95316529731,1
991,576467,Jones,393,Spain,Female,47,2,227549.0310361741,1,1,0,79540.72773106876,1
992,456600,Brown,810,Spain,Male,42,6,95708.34869210882,4,0,0,133182.5388402146,0
993,415557,Williams,627,Spain,Male,45,7,157658.82374577012,2,0,0,60217.76424109581,0
994,983671,Jones,520,Germany,Male,42,1,107535.68302420658,3,0,0,147723.53869380913,1
995,404462,Johnson,770,Spain,Female,75,9,109441.26374703212,2,0,1,103644.95634524968,0
996,350875,Jones,538,Germany,Female,58,6,77592.72227703001,2,1,0,125224.48826745972,1
997,563389,Smith,702,Germany,Male,42,7,190532.40511258115,3,1,1,40271.9463387322,1
998,170390,Williams,533,Germany,Male,65,5,234044.1410416263,1,0,1,52014.946171063806,0
999,807689,Johnson,352,Spain,Female,27,5,235187.71480861527,1,0,0,121008.44076410438,0
1000,353490,Brown,540,France,Female,28,9,43695.32121873346,2,1,1,32638.382644718833,1
